1,37,seq1
3,38,seq1
5,40,seq1
6,42,seq1
9,44,seq1
13,48,seq1
13,49,seq1
15,50,seq1
18,53,seq1
22,57,seq1
22,57,seq1
24,60,seq1
28,63,seq1
29,64,seq1
31,66,seq1
36,71,seq1
37,72,seq1
43,78,seq1
49,85,seq1
50,85,seq1
51,86,seq1
52,88,seq1
59,94,seq1
60,96,seq1
60,95,seq1
61,96,seq1
61,96,seq1
63,98,seq1
67,102,seq1
70,105,seq1
73,108,seq1
79,114,seq1
79,114,seq1
79,114,seq1
80,115,seq1
95,130,seq1
100,135,seq1
103,138,seq1
110,145,seq1
112,147,seq1
113,148,seq1
119,154,seq1
121,156,seq1
123,158,seq1
126,161,seq1
128,163,seq1
129,164,seq1
131,166,seq1
133,168,seq1
135,170,seq1
135,170,seq1
138,173,seq1
140,175,seq1
142,177,seq1
147,182,seq1
153,188,seq1
154,189,seq1
159,194,seq1
163,198,seq1
164,199,seq1
165,200,seq1
167,202,seq1
170,205,seq1
173,208,seq1
174,209,seq1
175,210,seq1
176,211,seq1
181,216,seq1
181,216,seq1
181,216,seq1
182,218,seq1
182,217,seq1
185,220,seq1
188,222,seq1
193,228,seq1
193,228,seq1
195,231,seq1
195,230,seq1
198,233,seq1
200,236,seq1
200,235,seq1
205,240,seq1
206,241,seq1
206,241,seq1
209,244,seq1
209,244,seq1
209,244,seq1
210,245,seq1
211,246,seq1
213,248,seq1
213,248,seq1
214,249,seq1
215,250,seq1
215,250,seq1
216,251,seq1
216,251,seq1
218,253,seq1
219,254,seq1
220,255,seq1
221,257,seq1
222,258,seq1
223,258,seq1
224,260,seq1
224,260,seq1
224,260,seq1
227,267,seq1
228,263,seq1
229,264,seq1
229,264,seq1
229,264,seq1
230,265,seq1
230,265,seq1
231,266,seq1
231,266,seq1
232,267,seq1
234,269,seq1
235,270,seq1
236,271,seq1
236,271,seq1
236,276,seq1
237,272,seq1
238,273,seq1
240,275,seq1
246,281,seq1
246,281,seq1
247,282,seq1
247,283,seq1
248,283,seq1
250,285,seq1
250,285,seq1
254,289,seq1
254,289,seq1
256,291,seq1
256,291,seq1
259,294,seq1
261,296,seq1
263,298,seq1
263,298,seq1
265,300,seq1
266,306,seq1
267,302,seq1
269,305,seq1
271,301,seq1
272,312,seq1
275,306,seq1
278,308,seq1
283,318,seq1
284,319,seq1
285,320,seq1
285,320,seq1
285,320,seq1
287,322,seq1
287,322,seq1
287,322,seq1
288,323,seq1
288,323,seq1
290,325,seq1
291,326,seq1
293,327,seq1
294,329,seq1
295,330,seq1
296,331,seq1
296,331,seq1
296,331,seq1
296,331,seq1
297,332,seq1
299,334,seq1
299,334,seq1
301,336,seq1
301,336,seq1
302,337,seq1
303,338,seq1
304,339,seq1
305,340,seq1
305,340,seq1
311,346,seq1
312,347,seq1
315,350,seq1
315,350,seq1
316,351,seq1
318,353,seq1
321,356,seq1
322,357,seq1
323,358,seq1
325,360,seq1
328,363,seq1
328,363,seq1
329,365,seq1
329,364,seq1
330,365,seq1
332,367,seq1
332,368,seq1
334,369,seq1
334,369,seq1
336,371,seq1
337,373,seq1
337,371,seq1
337,372,seq1
337,372,seq1
340,375,seq1
340,375,seq1
340,375,seq1
341,376,seq1
341,376,seq1
341,376,seq1
341,376,seq1
343,378,seq1
343,378,seq1
344,379,seq1
344,379,seq1
347,382,seq1
347,382,seq1
348,383,seq1
350,385,seq1
350,385,seq1
350,385,seq1
353,388,seq1
353,389,seq1
353,388,seq1
353,388,seq1
354,394,seq1
356,392,seq1
356,391,seq1
357,393,seq1
357,390,seq1
357,392,seq1
359,394,seq1
360,395,seq1
361,396,seq1
362,397,seq1
363,398,seq1
363,398,seq1
364,399,seq1
365,400,seq1
368,403,seq1
368,403,seq1
370,405,seq1
371,406,seq1
371,406,seq1
372,407,seq1
373,409,seq1
373,408,seq1
374,409,seq1
377,412,seq1
377,412,seq1
378,413,seq1
379,414,seq1
379,414,seq1
380,415,seq1
380,415,seq1
381,417,seq1
381,416,seq1
382,417,seq1
382,416,seq1
384,419,seq1
386,421,seq1
387,423,seq1
387,422,seq1
387,427,seq1
389,424,seq1
389,424,seq1
389,424,seq1
391,426,seq1
392,427,seq1
392,427,seq1
392,427,seq1
393,428,seq1
394,429,seq1
394,429,seq1
394,429,seq1
396,431,seq1
396,431,seq1
397,437,seq1
398,433,seq1
399,434,seq1
400,434,seq1
401,436,seq1
402,437,seq1
403,438,seq1
403,438,seq1
404,440,seq1
406,441,seq1
408,443,seq1
410,445,seq1
411,446,seq1
411,446,seq1
412,447,seq1
412,447,seq1
413,448,seq1
415,450,seq1
415,449,seq1
415,451,seq1
415,450,seq1
417,453,seq1
418,453,seq1
418,453,seq1
420,455,seq1
420,455,seq1
425,460,seq1
427,462,seq1
428,463,seq1
428,463,seq1
429,464,seq1
430,465,seq1
431,466,seq1
431,466,seq1
433,468,seq1
434,469,seq1
435,475,seq1
436,471,seq1
437,472,seq1
437,472,seq1
437,472,seq1
439,474,seq1
440,475,seq1
442,477,seq1
446,481,seq1
446,481,seq1
446,481,seq1
446,481,seq1
446,486,seq1
447,482,seq1
449,485,seq1
450,485,seq1
451,487,seq1
451,486,seq1
452,487,seq1
452,487,seq1
453,488,seq1
453,488,seq1
454,489,seq1
454,489,seq1
457,493,seq1
458,493,seq1
459,494,seq1
462,497,seq1
463,498,seq1
464,499,seq1
465,501,seq1
467,502,seq1
468,503,seq1
470,505,seq1
470,505,seq1
471,506,seq1
472,507,seq1
472,507,seq1
473,508,seq1
474,509,seq1
476,511,seq1
477,512,seq1
477,513,seq1
477,512,seq1
479,514,seq1
480,515,seq1
480,514,seq1
480,513,seq1
480,515,seq1
481,516,seq1
481,516,seq1
482,517,seq1
484,519,seq1
486,521,seq1
488,523,seq1
489,524,seq1
490,526,seq1
490,525,seq1
490,525,seq1
491,526,seq1
493,528,seq1
493,528,seq1
494,529,seq1
494,529,seq1
494,529,seq1
494,529,seq1
495,530,seq1
496,531,seq1
496,532,seq1
497,532,seq1
499,534,seq1
502,537,seq1
502,537,seq1
502,537,seq1
503,539,seq1
503,538,seq1
503,538,seq1
504,539,seq1
505,539,seq1
507,542,seq1
508,543,seq1
509,544,seq1
510,545,seq1
511,546,seq1
512,547,seq1
512,548,seq1
512,547,seq1
513,548,seq1
515,550,seq1
515,550,seq1
515,550,seq1
517,557,seq1
518,553,seq1
520,554,seq1
520,555,seq1
521,557,seq1
521,556,seq1
522,557,seq1
524,559,seq1
524,564,seq1
524,559,seq1
525,560,seq1
525,560,seq1
526,561,seq1
526,561,seq1
526,561,seq1
527,562,seq1
528,568,seq1
529,564,seq1
530,565,seq1
531,566,seq1
534,569,seq1
534,570,seq1
537,573,seq1
538,573,seq1
538,578,seq1
540,575,seq1
540,576,seq1
541,576,seq1
541,576,seq1
542,577,seq1
542,577,seq1
543,578,seq1
544,579,seq1
545,581,seq1
547,582,seq1
548,583,seq1
549,584,seq1
549,584,seq1
550,585,seq1
551,586,seq1
552,587,seq1
552,587,seq1
554,589,seq1
556,591,seq1
557,593,seq1
559,594,seq1
559,594,seq1
560,595,seq1
560,595,seq1
561,596,seq1
562,597,seq1
562,597,seq1
562,597,seq1
562,597,seq1
563,598,seq1
563,598,seq1
563,598,seq1
565,601,seq1
567,602,seq1
568,603,seq1
568,603,seq1
568,603,seq1
570,605,seq1
571,606,seq1
571,606,seq1
572,607,seq1
573,608,seq1
574,609,seq1
575,610,seq1
576,611,seq1
576,611,seq1
578,613,seq1
578,613,seq1
579,614,seq1
581,616,seq1
582,617,seq1
582,617,seq1
584,619,seq1
584,619,seq1
586,622,seq1
586,621,seq1
587,622,seq1
587,627,seq1
588,623,seq1
588,623,seq1
589,624,seq1
590,626,seq1
591,626,seq1
592,627,seq1
593,628,seq1
593,628,seq1
593,628,seq1
593,628,seq1
594,629,seq1
595,631,seq1
596,631,seq1
596,631,seq1
597,632,seq1
598,633,seq1
598,633,seq1
598,633,seq1
599,634,seq1
599,634,seq1
599,634,seq1
600,635,seq1
600,635,seq1
604,639,seq1
604,638,seq1
604,639,seq1
606,641,seq1
606,641,seq1
607,642,seq1
607,642,seq1
609,645,seq1
610,646,seq1
610,645,seq1
611,646,seq1
614,649,seq1
615,650,seq1
616,651,seq1
619,654,seq1
620,655,seq1
621,656,seq1
621,656,seq1
622,657,seq1
624,664,seq1
624,659,seq1
626,661,seq1
627,662,seq1
627,662,seq1
629,664,seq1
631,666,seq1
631,666,seq1
631,665,seq1
632,667,seq1
632,672,seq1
634,669,seq1
634,669,seq1
634,669,seq1
635,670,seq1
635,670,seq1
640,675,seq1
641,677,seq1
641,676,seq1
642,677,seq1
643,678,seq1
645,680,seq1
646,681,seq1
646,681,seq1
648,683,seq1
650,685,seq1
650,685,seq1
651,687,seq1
651,686,seq1
651,686,seq1
652,687,seq1
652,687,seq1
652,687,seq1
652,687,seq1
652,692,seq1
655,690,seq1
655,690,seq1
656,691,seq1
658,693,seq1
660,695,seq1
660,696,seq1
663,698,seq1
666,701,seq1
667,702,seq1
668,708,seq1
669,704,seq1
670,705,seq1
670,705,seq1
671,706,seq1
672,708,seq1
673,708,seq1
673,708,seq1
674,709,seq1
675,711,seq1
676,712,seq1
679,714,seq1
679,714,seq1
680,715,seq1
681,716,seq1
681,716,seq1
682,717,seq1
683,718,seq1
683,718,seq1
684,719,seq1
685,721,seq1
685,720,seq1
685,720,seq1
686,721,seq1
686,721,seq1
687,727,seq1
688,723,seq1
688,723,seq1
689,724,seq1
691,726,seq1
691,726,seq1
694,729,seq1
695,730,seq1
698,733,seq1
698,733,seq1
698,733,seq1
700,735,seq1
701,736,seq1
704,739,seq1
705,740,seq1
705,740,seq1
709,744,seq1
711,747,seq1
711,746,seq1
712,747,seq1
713,749,seq1
716,751,seq1
717,752,seq1
717,752,seq1
719,754,seq1
719,755,seq1
720,755,seq1
721,757,seq1
722,758,seq1
723,758,seq1
726,762,seq1
727,762,seq1
728,763,seq1
729,764,seq1
729,764,seq1
730,765,seq1
730,765,seq1
731,766,seq1
731,766,seq1
733,768,seq1
734,769,seq1
740,776,seq1
740,776,seq1
740,775,seq1
743,778,seq1
743,778,seq1
745,780,seq1
745,780,seq1
746,782,seq1
747,782,seq1
748,783,seq1
750,785,seq1
750,785,seq1
751,786,seq1
751,786,seq1
752,787,seq1
752,787,seq1
752,787,seq1
754,789,seq1
755,790,seq1
755,790,seq1
755,790,seq1
756,791,seq1
756,791,seq1
756,796,seq1
757,792,seq1
757,792,seq1
757,792,seq1
759,793,seq1
761,796,seq1
762,797,seq1
764,800,seq1
767,802,seq1
768,803,seq1
768,803,seq1
768,803,seq1
770,805,seq1
770,805,seq1
771,806,seq1
772,806,seq1
773,808,seq1
773,808,seq1
774,809,seq1
776,811,seq1
777,813,seq1
777,812,seq1
777,812,seq1
778,813,seq1
779,814,seq1
781,816,seq1
782,817,seq1
783,818,seq1
783,818,seq1
784,820,seq1
784,819,seq1
784,819,seq1
785,820,seq1
786,821,seq1
786,821,seq1
787,822,seq1
788,828,seq1
789,824,seq1
789,824,seq1
789,824,seq1
790,825,seq1
790,825,seq1
791,826,seq1
791,826,seq1
792,827,seq1
793,828,seq1
794,829,seq1
795,830,seq1
798,833,seq1
798,833,seq1
798,833,seq1
798,833,seq1
799,834,seq1
802,837,seq1
802,842,seq1
803,838,seq1
803,838,seq1
805,840,seq1
805,840,seq1
805,840,seq1
806,841,seq1
812,847,seq1
812,847,seq1
813,848,seq1
814,849,seq1
814,854,seq1
817,852,seq1
818,853,seq1
818,853,seq1
819,854,seq1
820,855,seq1
821,856,seq1
822,857,seq1
822,857,seq1
823,858,seq1
823,858,seq1
830,865,seq1
831,866,seq1
837,872,seq1
838,873,seq1
839,874,seq1
839,874,seq1
840,875,seq1
841,876,seq1
841,876,seq1
842,877,seq1
842,877,seq1
843,878,seq1
843,878,seq1
843,879,seq1
846,881,seq1
847,882,seq1
849,884,seq1
851,886,seq1
854,889,seq1
855,891,seq1
855,891,seq1
856,891,seq1
857,892,seq1
859,894,seq1
862,897,seq1
862,897,seq1
863,898,seq1
863,898,seq1
864,899,seq1
866,901,seq1
866,901,seq1
868,903,seq1
868,903,seq1
868,903,seq1
868,903,seq1
869,904,seq1
869,904,seq1
870,905,seq1
870,905,seq1
871,907,seq1
871,906,seq1
871,906,seq1
874,909,seq1
875,910,seq1
875,910,seq1
879,914,seq1
879,914,seq1
880,915,seq1
880,915,seq1
880,915,seq1
881,916,seq1
882,917,seq1
885,920,seq1
885,920,seq1
885,920,seq1
885,920,seq1
886,921,seq1
888,923,seq1
888,923,seq1
889,924,seq1
891,926,seq1
891,926,seq1
892,927,seq1
893,933,seq1
894,929,seq1
894,929,seq1
895,930,seq1
895,930,seq1
896,932,seq1
898,933,seq1
900,935,seq1
900,935,seq1
902,938,seq1
903,938,seq1
905,940,seq1
905,940,seq1
905,940,seq1
907,942,seq1
908,943,seq1
910,945,seq1
911,946,seq1
913,948,seq1
914,949,seq1
915,950,seq1
915,950,seq1
917,952,seq1
919,954,seq1
920,955,seq1
920,955,seq1
920,955,seq1
920,955,seq1
920,955,seq1
920,955,seq1
921,956,seq1
923,959,seq1
923,958,seq1
925,960,seq1
926,961,seq1
926,961,seq1
927,963,seq1
927,962,seq1
927,962,seq1
928,963,seq1
929,964,seq1
930,966,seq1
930,965,seq1
932,967,seq1
933,968,seq1
934,968,seq1
936,971,seq1
936,971,seq1
938,973,seq1
938,973,seq1
938,973,seq1
939,974,seq1
939,974,seq1
940,975,seq1
940,975,seq1
943,978,seq1
946,981,seq1
949,985,seq1
951,986,seq1
953,988,seq1
953,988,seq1
953,988,seq1
954,989,seq1
954,989,seq1
957,992,seq1
958,993,seq1
958,993,seq1
959,994,seq1
960,995,seq1
961,996,seq1
962,997,seq1
963,998,seq1
963,998,seq1
964,999,seq1
965,1000,seq1
965,1000,seq1
970,1005,seq1
971,1006,seq1
972,1007,seq1
973,1008,seq1
974,1009,seq1
975,1010,seq1
976,1011,seq1
981,1016,seq1
981,1017,seq1
981,1016,seq1
982,1017,seq1
982,1017,seq1
983,1018,seq1
983,1019,seq1
984,1019,seq1
985,1020,seq1
985,1020,seq1
985,1020,seq1
987,1022,seq1
987,1022,seq1
990,1025,seq1
990,1025,seq1
992,1027,seq1
992,1027,seq1
994,1029,seq1
995,1030,seq1
995,1030,seq1
996,1031,seq1
996,1031,seq1
997,1032,seq1
998,1033,seq1
999,1034,seq1
999,1034,seq1
999,1034,seq1
1000,1035,seq1
1001,1036,seq1
1002,1037,seq1
1002,1037,seq1
1004,1039,seq1
1005,1040,seq1
1005,1040,seq1
1006,1041,seq1
1008,1044,seq1
1009,1044,seq1
1010,1045,seq1
1010,1045,seq1
1012,1047,seq1
1013,1048,seq1
1013,1048,seq1
1013,1048,seq1
1015,1050,seq1
1015,1050,seq1
1016,1051,seq1
1018,1053,seq1
1018,1054,seq1
1019,1054,seq1
1019,1054,seq1
1019,1054,seq1
1020,1054,seq1
1021,1055,seq1
1021,1056,seq1
1025,1061,seq1
1025,1060,seq1
1026,1061,seq1
1026,1061,seq1
1030,1066,seq1
1030,1065,seq1
1032,1067,seq1
1033,1068,seq1
1033,1068,seq1
1033,1068,seq1
1035,1071,seq1
1035,1070,seq1
1036,1072,seq1
1037,1072,seq1
1038,1073,seq1
1040,1075,seq1
1040,1075,seq1
1041,1076,seq1
1041,1076,seq1
1044,1079,seq1
1044,1084,seq1
1044,1079,seq1
1048,1083,seq1
1048,1083,seq1
1048,1083,seq1
1048,1083,seq1
1048,1084,seq1
1050,1085,seq1
1050,1085,seq1
1052,1087,seq1
1052,1087,seq1
1052,1087,seq1
1052,1087,seq1
1056,1092,seq1
1056,1091,seq1
1056,1091,seq1
1057,1092,seq1
1058,1093,seq1
1061,1096,seq1
1061,1096,seq1
1064,1099,seq1
1064,1099,seq1
1066,1101,seq1
1067,1102,seq1
1067,1102,seq1
1068,1103,seq1
1068,1108,seq1
1069,1104,seq1
1069,1104,seq1
1070,1105,seq1
1071,1106,seq1
1071,1106,seq1
1071,1106,seq1
1071,1106,seq1
1072,1107,seq1
1072,1107,seq1
1072,1107,seq1
1073,1108,seq1
1073,1108,seq1
1074,1110,seq1
1074,1109,seq1
1075,1110,seq1
1075,1110,seq1
1075,1110,seq1
1075,1110,seq1
1076,1111,seq1
1077,1112,seq1
1078,1113,seq1
1079,1114,seq1
1080,1115,seq1
1081,1116,seq1
1081,1117,seq1
1082,1117,seq1
1082,1116,seq1
1082,1117,seq1
1083,1118,seq1
1084,1119,seq1
1084,1119,seq1
1085,1120,seq1
1086,1121,seq1
1087,1122,seq1
1087,1122,seq1
1088,1123,seq1
1088,1123,seq1
1088,1123,seq1
1092,1127,seq1
1093,1128,seq1
1094,1129,seq1
1094,1129,seq1
1095,1130,seq1
1096,1131,seq1
1096,1131,seq1
1098,1133,seq1
1098,1133,seq1
1098,1133,seq1
1098,1133,seq1
1099,1134,seq1
1099,1134,seq1
1100,1135,seq1
1100,1135,seq1
1102,1138,seq1
1102,1137,seq1
1103,1138,seq1
1103,1138,seq1
1105,1141,seq1
1105,1140,seq1
1106,1142,seq1
1106,1141,seq1
1107,1142,seq1
1108,1143,seq1
1108,1143,seq1
1109,1144,seq1
1109,1144,seq1
1110,1145,seq1
1110,1145,seq1
1110,1145,seq1
1110,1145,seq1
1110,1145,seq1
1112,1147,seq1
1112,1147,seq1
1112,1147,seq1
1112,1147,seq1
1117,1152,seq1
1119,1154,seq1
1119,1154,seq1
1121,1156,seq1
1121,1156,seq1
1121,1156,seq1
1121,1161,seq1
1122,1157,seq1
1126,1161,seq1
1129,1164,seq1
1132,1167,seq1
1133,1168,seq1
1134,1169,seq1
1136,1171,seq1
1136,1171,seq1
1137,1172,seq1
1137,1172,seq1
1138,1174,seq1
1138,1173,seq1
1139,1174,seq1
1139,1174,seq1
1142,1177,seq1
1142,1177,seq1
1142,1177,seq1
1143,1178,seq1
1144,1179,seq1
1145,1180,seq1
1146,1181,seq1
1147,1182,seq1
1148,1183,seq1
1150,1185,seq1
1151,1186,seq1
1151,1186,seq1
1153,1193,seq1
1154,1189,seq1
1154,1190,seq1
1156,1191,seq1
1156,1191,seq1
1156,1191,seq1
1157,1192,seq1
1158,1193,seq1
1159,1194,seq1
1159,1194,seq1
1159,1194,seq1
1160,1195,seq1
1160,1195,seq1
1161,1196,seq1
1161,1196,seq1
1163,1198,seq1
1164,1200,seq1
1164,1199,seq1
1165,1200,seq1
1166,1201,seq1
1167,1202,seq1
1167,1202,seq1
1168,1203,seq1
1168,1203,seq1
1169,1204,seq1
1171,1206,seq1
1171,1207,seq1
1172,1207,seq1
1173,1208,seq1
1175,1210,seq1
1175,1210,seq1
1176,1212,seq1
1178,1213,seq1
1178,1213,seq1
1180,1215,seq1
1180,1215,seq1
1180,1215,seq1
1181,1216,seq1
1182,1217,seq1
1186,1221,seq1
1189,1224,seq1
1189,1224,seq1
1190,1225,seq1
1190,1225,seq1
1192,1228,seq1
1193,1228,seq1
1193,1228,seq1
1194,1229,seq1
1195,1230,seq1
1196,1232,seq1
1197,1232,seq1
1198,1234,seq1
1198,1238,seq1
1200,1235,seq1
1202,1237,seq1
1203,1238,seq1
1204,1239,seq1
1205,1240,seq1
1205,1240,seq1
1205,1245,seq1
1208,1243,seq1
1210,1246,seq1
1211,1246,seq1
1212,1247,seq1
1212,1247,seq1
1213,1249,seq1
1213,1248,seq1
1214,1249,seq1
1215,1250,seq1
1215,1250,seq1
1218,1253,seq1
1223,1258,seq1
1224,1259,seq1
1224,1259,seq1
1226,1261,seq1
1227,1262,seq1
1228,1264,seq1
1228,1263,seq1
1231,1266,seq1
1232,1267,seq1
1232,1267,seq1
1233,1269,seq1
1233,1268,seq1
1233,1268,seq1
1237,1272,seq1
1237,1272,seq1
1238,1273,seq1
1239,1274,seq1
1240,1275,seq1
1240,1275,seq1
1241,1276,seq1
1242,1277,seq1
1242,1277,seq1
1243,1278,seq1
1243,1278,seq1
1244,1279,seq1
1244,1279,seq1
1245,1281,seq1
1245,1280,seq1
1247,1282,seq1
1249,1284,seq1
1250,1285,seq1
1251,1286,seq1
1251,1286,seq1
1252,1287,seq1
1252,1287,seq1
1254,1290,seq1
1254,1289,seq1
1256,1291,seq1
1257,1292,seq1
1258,1293,seq1
1259,1294,seq1
1260,1295,seq1
1262,1298,seq1
1262,1297,seq1
1262,1297,seq1
1263,1298,seq1
1263,1298,seq1
1265,1300,seq1
1265,1300,seq1
1266,1301,seq1
1266,1301,seq1
1266,1301,seq1
1267,1302,seq1
1268,1303,seq1
1269,1304,seq1
1270,1305,seq1
1271,1306,seq1
1272,1307,seq1
1272,1307,seq1
1273,1308,seq1
1274,1309,seq1
1276,1312,seq1
1278,1313,seq1
1278,1313,seq1
1280,1315,seq1
1281,1317,seq1
1281,1316,seq1
1285,1320,seq1
1285,1320,seq1
1285,1320,seq1
1286,1321,seq1
1286,1321,seq1
1287,1322,seq1
1288,1323,seq1
1288,1323,seq1
1288,1323,seq1
1289,1325,seq1
1290,1325,seq1
1291,1326,seq1
1293,1328,seq1
1293,1333,seq1
1294,1329,seq1
1294,1329,seq1
1295,1330,seq1
1295,1330,seq1
1296,1331,seq1
1296,1331,seq1
1297,1333,seq1
1297,1332,seq1
1297,1332,seq1
1298,1333,seq1
1298,1333,seq1
1298,1333,seq1
1299,1334,seq1
1301,1336,seq1
1301,1335,seq1
1301,1341,seq1
1302,1337,seq1
1304,1344,seq1
1305,1340,seq1
1305,1340,seq1
1306,1341,seq1
1306,1341,seq1
1306,1341,seq1
1307,1342,seq1
1308,1343,seq1
1309,1345,seq1
1311,1346,seq1
1311,1346,seq1
1313,1349,seq1
1313,1348,seq1
1313,1347,seq1
1313,1348,seq1
1314,1349,seq1
1314,1350,seq1
1314,1349,seq1
1316,1351,seq1
1318,1353,seq1
1318,1353,seq1
1320,1355,seq1
1320,1355,seq1
1320,1355,seq1
1320,1355,seq1
1321,1361,seq1
1321,1356,seq1
1321,1356,seq1
1322,1357,seq1
1322,1362,seq1
1324,1359,seq1
1324,1359,seq1
1325,1360,seq1
1325,1360,seq1
1325,1360,seq1
1326,1362,seq1
1326,1361,seq1
1326,1362,seq1
1326,1361,seq1
1327,1362,seq1
1327,1362,seq1
1327,1362,seq1
1328,1363,seq1
1330,1365,seq1
1331,1367,seq1
1331,1366,seq1
1331,1366,seq1
1332,1367,seq1
1332,1367,seq1
1333,1368,seq1
1333,1368,seq1
1333,1368,seq1
1335,1370,seq1
1335,1370,seq1
1335,1370,seq1
1336,1371,seq1
1336,1371,seq1
1337,1372,seq1
1339,1374,seq1
1340,1375,seq1
1340,1376,seq1
1340,1375,seq1
1340,1375,seq1
1340,1375,seq1
1341,1376,seq1
1343,1378,seq1
1343,1378,seq1
1344,1379,seq1
1345,1380,seq1
1347,1382,seq1
1348,1383,seq1
1348,1383,seq1
1348,1383,seq1
1349,1384,seq1
1350,1385,seq1
1351,1387,seq1
1351,1386,seq1
1354,1388,seq1
1354,1389,seq1
1356,1391,seq1
1356,1391,seq1
1360,1395,seq1
1360,1395,seq1
1363,1398,seq1
1363,1398,seq1
1364,1399,seq1
1364,1399,seq1
1365,1400,seq1
1366,1401,seq1
1367,1402,seq1
1368,1403,seq1
1368,1408,seq1
1369,1404,seq1
1370,1405,seq1
1371,1406,seq1
1372,1407,seq1
1372,1407,seq1
1372,1407,seq1
1373,1408,seq1
1374,1409,seq1
1374,1409,seq1
1379,1414,seq1
1381,1416,seq1
1385,1425,seq1
1388,1423,seq1
1389,1424,seq1
1392,1427,seq1
1394,1429,seq1
1394,1429,seq1
1398,1433,seq1
1398,1433,seq1
1399,1434,seq1
1402,1437,seq1
1403,1438,seq1
1405,1440,seq1
1410,1445,seq1
1410,1445,seq1
1418,1453,seq1
1419,1455,seq1
1421,1457,seq1
1426,1461,seq1
1427,1462,seq1
1428,1463,seq1
1428,1463,seq1
1429,1464,seq1
1435,1470,seq1
1435,1470,seq1
1436,1471,seq1
1436,1471,seq1
1438,1473,seq1
1442,1477,seq1
1444,1479,seq1
1446,1482,seq1
1448,1483,seq1
1449,1484,seq1
1455,1490,seq1
1461,1496,seq1
1461,1496,seq1
1461,1496,seq1
1462,1497,seq1
1465,1500,seq1
1465,1500,seq1
1465,1500,seq1
1467,1502,seq1
1469,1504,seq1
1469,1504,seq1
1469,1504,seq1
1472,1508,seq1
1473,1508,seq1
1473,1508,seq1
1474,1510,seq1
1474,1514,seq1
1478,1513,seq1
1479,1514,seq1
1480,1515,seq1
1480,1520,seq1
1480,1515,seq1
1481,1516,seq1
1481,1516,seq1
1482,1518,seq1
1483,1518,seq1
1483,1518,seq1
1484,1519,seq1
1485,1520,seq1
1485,1520,seq1
1486,1521,seq1
1486,1521,seq1
1486,1521,seq1
1487,1522,seq1
1487,1522,seq1
1488,1523,seq1
1489,1524,seq1
1489,1524,seq1
1493,1528,seq1
1494,1530,seq1
1494,1529,seq1
1497,1532,seq1
1498,1533,seq1
1499,1534,seq1
1500,1535,seq1
1500,1535,seq1
1500,1535,seq1
1500,1535,seq1
1501,1536,seq1
1501,1536,seq1
1501,1536,seq1
1501,1537,seq1
1502,1542,seq1
1503,1538,seq1
1504,1539,seq1
1507,1542,seq1
1507,1542,seq1
1510,1545,seq1
1510,1545,seq1
1512,1548,seq1
1512,1547,seq1
1512,1546,seq1
1513,1548,seq1
1513,1548,seq1
1514,1550,seq1
1514,1549,seq1
1515,1550,seq1
1515,1550,seq1
1515,1550,seq1
1517,1552,seq1
1518,1553,seq1
1520,1555,seq1
1521,1556,seq1
1522,1556,seq1
1523,1558,seq1
1524,1559,seq1
1524,1559,seq1
1525,1560,seq1
1525,1565,seq1
1527,1562,seq1
1527,1562,seq1
1528,1563,seq1
1529,1564,seq1
1529,1564,seq1
1531,1566,seq1
1532,1567,seq1
1532,1567,seq1
1533,1568,seq1
1534,1569,seq1
1535,1570,seq1
1,37,seq2
1,36,seq2
1,36,seq2
2,37,seq2
5,40,seq2
6,41,seq2
6,41,seq2
6,41,seq2
7,43,seq2
7,42,seq2
7,42,seq2
7,42,seq2
8,43,seq2
8,43,seq2
11,46,seq2
12,47,seq2
16,51,seq2
17,52,seq2
18,53,seq2
24,59,seq2
25,60,seq2
26,61,seq2
30,65,seq2
33,68,seq2
34,74,seq2
37,72,seq2
37,73,seq2
39,74,seq2
40,75,seq2
41,76,seq2
41,76,seq2
43,78,seq2
43,78,seq2
43,78,seq2
44,79,seq2
45,80,seq2
45,80,seq2
46,81,seq2
46,81,seq2
47,83,seq2
48,83,seq2
50,85,seq2
50,85,seq2
52,87,seq2
54,89,seq2
56,96,seq2
57,92,seq2
57,92,seq2
58,93,seq2
63,98,seq2
63,99,seq2
64,99,seq2
64,99,seq2
64,99,seq2
65,100,seq2
65,100,seq2
66,101,seq2
68,103,seq2
68,103,seq2
72,107,seq2
73,108,seq2
77,112,seq2
77,112,seq2
79,115,seq2
81,116,seq2
83,118,seq2
84,119,seq2
84,119,seq2
86,121,seq2
87,122,seq2
87,122,seq2
89,125,seq2
91,126,seq2
91,126,seq2
93,128,seq2
93,128,seq2
94,129,seq2
95,130,seq2
95,130,seq2
95,130,seq2
96,132,seq2
97,132,seq2
98,133,seq2
104,139,seq2
105,140,seq2
106,141,seq2
106,146,seq2
107,143,seq2
107,142,seq2
108,143,seq2
109,144,seq2
114,149,seq2
114,149,seq2
114,149,seq2
115,150,seq2
120,155,seq2
121,156,seq2
122,157,seq2
123,158,seq2
123,158,seq2
124,160,seq2
124,159,seq2
125,160,seq2
148,181,seq2
148,181,seq2
150,188,seq2
150,185,seq2
154,189,seq2
160,196,seq2
161,196,seq2
163,198,seq2
163,198,seq2
165,200,seq2
165,200,seq2
167,202,seq2
169,204,seq2
171,206,seq2
175,210,seq2
178,213,seq2
180,215,seq2
182,217,seq2
184,219,seq2
185,220,seq2
187,222,seq2
188,223,seq2
188,223,seq2
188,223,seq2
192,227,seq2
196,231,seq2
197,232,seq2
197,233,seq2
199,234,seq2
200,235,seq2
200,235,seq2
201,236,seq2
201,236,seq2
202,237,seq2
203,238,seq2
203,238,seq2
205,240,seq2
205,241,seq2
207,241,seq2
207,247,seq2
209,243,seq2
209,244,seq2
210,245,seq2
211,246,seq2
212,247,seq2
213,248,seq2
213,253,seq2
215,251,seq2
215,250,seq2
215,250,seq2
216,251,seq2
216,251,seq2
217,252,seq2
218,254,seq2
220,255,seq2
220,255,seq2
221,256,seq2
221,256,seq2
222,257,seq2
222,257,seq2
222,257,seq2
222,257,seq2
223,259,seq2
223,258,seq2
223,258,seq2
224,259,seq2
224,259,seq2
225,260,seq2
225,260,seq2
226,261,seq2
227,262,seq2
227,262,seq2
228,263,seq2
228,263,seq2
228,268,seq2
229,264,seq2
231,266,seq2
231,266,seq2
233,269,seq2
233,268,seq2
234,269,seq2
234,269,seq2
236,271,seq2
237,272,seq2
237,272,seq2
237,272,seq2
239,274,seq2
240,275,seq2
240,275,seq2
240,274,seq2
241,276,seq2
243,278,seq2
245,281,seq2
245,280,seq2
245,280,seq2
246,281,seq2
246,281,seq2
247,282,seq2
247,282,seq2
248,283,seq2
248,283,seq2
250,286,seq2
250,285,seq2
250,284,seq2
250,285,seq2
250,285,seq2
251,286,seq2
253,288,seq2
255,290,seq2
255,290,seq2
257,292,seq2
258,293,seq2
259,294,seq2
259,295,seq2
259,294,seq2
261,296,seq2
262,298,seq2
262,297,seq2
263,298,seq2
265,300,seq2
265,300,seq2
266,301,seq2
266,301,seq2
266,301,seq2
266,301,seq2
268,303,seq2
269,304,seq2
269,304,seq2
269,304,seq2
269,304,seq2
269,304,seq2
270,305,seq2
270,304,seq2
270,305,seq2
271,306,seq2
271,306,seq2
272,307,seq2
273,308,seq2
273,308,seq2
274,309,seq2
275,310,seq2
276,316,seq2
277,312,seq2
277,312,seq2
277,312,seq2
278,313,seq2
278,313,seq2
279,314,seq2
280,315,seq2
280,315,seq2
281,317,seq2
282,317,seq2
282,322,seq2
283,318,seq2
283,318,seq2
283,318,seq2
285,320,seq2
286,321,seq2
287,322,seq2
288,323,seq2
289,324,seq2
290,325,seq2
291,326,seq2
291,326,seq2
291,326,seq2
291,326,seq2
291,326,seq2
294,329,seq2
295,331,seq2
295,330,seq2
295,330,seq2
296,331,seq2
296,331,seq2
297,332,seq2
298,333,seq2
299,334,seq2
299,334,seq2
299,334,seq2
299,334,seq2
301,336,seq2
303,338,seq2
304,339,seq2
304,339,seq2
306,341,seq2
306,341,seq2
307,343,seq2
307,347,seq2
307,342,seq2
308,343,seq2
308,343,seq2
310,346,seq2
310,345,seq2
311,347,seq2
313,348,seq2
313,348,seq2
314,349,seq2
316,351,seq2
317,352,seq2
317,352,seq2
317,350,seq2
317,352,seq2
319,354,seq2
323,358,seq2
323,358,seq2
324,360,seq2
324,359,seq2
324,359,seq2
325,361,seq2
326,361,seq2
327,362,seq2
327,362,seq2
328,363,seq2
328,368,seq2
329,364,seq2
329,364,seq2
330,365,seq2
330,365,seq2
331,367,seq2
331,367,seq2
331,366,seq2
331,366,seq2
332,367,seq2
332,367,seq2
332,367,seq2
333,368,seq2
333,368,seq2
334,370,seq2
335,370,seq2
335,370,seq2
337,372,seq2
338,373,seq2
339,374,seq2
339,374,seq2
339,374,seq2
340,375,seq2
341,376,seq2
341,375,seq2
341,376,seq2
344,379,seq2
345,380,seq2
346,381,seq2
347,382,seq2
347,387,seq2
349,384,seq2
349,384,seq2
350,385,seq2
351,386,seq2
351,386,seq2
352,387,seq2
353,389,seq2
354,390,seq2
356,391,seq2
358,393,seq2
358,393,seq2
358,393,seq2
360,395,seq2
360,395,seq2
360,395,seq2
360,395,seq2
362,397,seq2
362,397,seq2
362,402,seq2
362,397,seq2
363,398,seq2
363,398,seq2
365,400,seq2
367,402,seq2
367,402,seq2
367,402,seq2
368,403,seq2
369,404,seq2
369,404,seq2
370,405,seq2
370,405,seq2
371,406,seq2
371,406,seq2
374,409,seq2
375,410,seq2
376,411,seq2
376,411,seq2
376,411,seq2
377,417,seq2
378,413,seq2
379,414,seq2
379,414,seq2
381,417,seq2
381,416,seq2
381,416,seq2
381,416,seq2
382,417,seq2
382,417,seq2
382,417,seq2
383,418,seq2
383,418,seq2
384,419,seq2
385,425,seq2
387,422,seq2
387,422,seq2
387,423,seq2
388,423,seq2
388,423,seq2
388,423,seq2
389,424,seq2
389,424,seq2
390,425,seq2
390,425,seq2
390,425,seq2
390,425,seq2
391,426,seq2
393,428,seq2
394,429,seq2
396,431,seq2
397,433,seq2
397,432,seq2
398,433,seq2
399,434,seq2
401,436,seq2
401,436,seq2
403,438,seq2
403,438,seq2
405,440,seq2
405,440,seq2
408,443,seq2
408,443,seq2
409,444,seq2
409,444,seq2
409,444,seq2
410,446,seq2
410,445,seq2
411,446,seq2
411,446,seq2
413,448,seq2
413,448,seq2
413,448,seq2
415,450,seq2
416,451,seq2
416,451,seq2
417,452,seq2
421,456,seq2
422,457,seq2
422,457,seq2
424,459,seq2
426,461,seq2
428,463,seq2
428,463,seq2
430,465,seq2
431,466,seq2
431,466,seq2
432,467,seq2
432,467,seq2
433,468,seq2
433,468,seq2
433,468,seq2
434,469,seq2
434,469,seq2
434,469,seq2
435,470,seq2
436,472,seq2
437,472,seq2
437,472,seq2
438,473,seq2
438,473,seq2
439,474,seq2
439,474,seq2
440,475,seq2
440,475,seq2
442,477,seq2
443,478,seq2
443,478,seq2
443,478,seq2
445,480,seq2
445,480,seq2
445,480,seq2
445,481,seq2
445,480,seq2
446,481,seq2
447,482,seq2
447,482,seq2
447,483,seq2
447,482,seq2
447,482,seq2
448,483,seq2
448,483,seq2
450,485,seq2
451,486,seq2
451,486,seq2
451,486,seq2
451,485,seq2
452,487,seq2
453,488,seq2
453,488,seq2
453,488,seq2
454,489,seq2
456,491,seq2
456,491,seq2
456,491,seq2
457,492,seq2
458,493,seq2
458,493,seq2
458,493,seq2
458,494,seq2
458,498,seq2
458,493,seq2
461,496,seq2
461,496,seq2
462,497,seq2
464,499,seq2
464,499,seq2
464,499,seq2
467,502,seq2
467,502,seq2
467,502,seq2
467,502,seq2
468,503,seq2
469,504,seq2
470,505,seq2
470,505,seq2
471,506,seq2
471,506,seq2
472,507,seq2
475,510,seq2
477,512,seq2
479,514,seq2
479,514,seq2
481,516,seq2
481,516,seq2
482,517,seq2
482,517,seq2
483,519,seq2
483,518,seq2
484,520,seq2
485,520,seq2
485,520,seq2
485,520,seq2
487,522,seq2
488,523,seq2
488,523,seq2
489,524,seq2
489,525,seq2
490,525,seq2
490,525,seq2
492,527,seq2
494,529,seq2
494,529,seq2
495,530,seq2
495,530,seq2
496,531,seq2
497,532,seq2
498,533,seq2
499,535,seq2
499,534,seq2
500,540,seq2
500,540,seq2
500,535,seq2
500,535,seq2
501,536,seq2
503,538,seq2
503,538,seq2
504,539,seq2
504,539,seq2
504,539,seq2
504,539,seq2
505,540,seq2
505,540,seq2
506,541,seq2
508,543,seq2
509,544,seq2
509,544,seq2
510,545,seq2
512,547,seq2
513,548,seq2
514,549,seq2
515,551,seq2
515,550,seq2
516,551,seq2
517,553,seq2
518,553,seq2
518,553,seq2
519,555,seq2
520,555,seq2
520,555,seq2
520,555,seq2
521,556,seq2
521,556,seq2
522,557,seq2
522,557,seq2
523,558,seq2
527,562,seq2
528,563,seq2
529,564,seq2
530,565,seq2
530,565,seq2
534,569,seq2
535,570,seq2
536,571,seq2
537,572,seq2
537,572,seq2
538,573,seq2
538,573,seq2
539,574,seq2
539,574,seq2
540,575,seq2
540,576,seq2
541,576,seq2
542,578,seq2
542,577,seq2
542,577,seq2
544,579,seq2
544,584,seq2
545,585,seq2
546,581,seq2
546,581,seq2
547,582,seq2
549,584,seq2
550,585,seq2
550,585,seq2
551,586,seq2
552,587,seq2
552,587,seq2
553,588,seq2
553,593,seq2
554,589,seq2
554,589,seq2
555,590,seq2
557,592,seq2
557,592,seq2
557,592,seq2
558,593,seq2
559,594,seq2
559,594,seq2
560,595,seq2
560,595,seq2
560,595,seq2
560,595,seq2
560,595,seq2
561,596,seq2
561,596,seq2
561,596,seq2
562,597,seq2
562,597,seq2
562,597,seq2
563,598,seq2
564,599,seq2
564,599,seq2
564,604,seq2
564,599,seq2
565,600,seq2
567,602,seq2
567,602,seq2
567,602,seq2
568,603,seq2
568,603,seq2
569,604,seq2
569,604,seq2
570,605,seq2
571,607,seq2
572,607,seq2
575,610,seq2
575,610,seq2
576,611,seq2
576,611,seq2
578,613,seq2
579,614,seq2
579,614,seq2
579,615,seq2
579,614,seq2
579,614,seq2
581,616,seq2
582,617,seq2
582,617,seq2
582,617,seq2
582,617,seq2
583,618,seq2
583,618,seq2
584,619,seq2
585,620,seq2
585,620,seq2
586,621,seq2
587,622,seq2
588,623,seq2
589,624,seq2
589,624,seq2
591,626,seq2
594,628,seq2
594,629,seq2
595,630,seq2
596,631,seq2
598,633,seq2
598,633,seq2
600,635,seq2
600,635,seq2
601,636,seq2
604,639,seq2
606,641,seq2
606,641,seq2
606,641,seq2
607,642,seq2
607,642,seq2
607,642,seq2
607,642,seq2
608,648,seq2
609,644,seq2
610,645,seq2
610,645,seq2
610,645,seq2
611,647,seq2
611,646,seq2
612,648,seq2
612,647,seq2
613,648,seq2
614,649,seq2
614,649,seq2
614,649,seq2
615,650,seq2
616,656,seq2
616,651,seq2
617,653,seq2
617,652,seq2
617,652,seq2
617,652,seq2
618,653,seq2
618,653,seq2
619,654,seq2
619,654,seq2
619,654,seq2
620,655,seq2
621,656,seq2
621,656,seq2
622,657,seq2
623,658,seq2
623,658,seq2
623,658,seq2
624,659,seq2
624,659,seq2
624,659,seq2
624,660,seq2
625,660,seq2
625,660,seq2
626,661,seq2
628,663,seq2
629,664,seq2
629,664,seq2
630,665,seq2
631,666,seq2
634,669,seq2
636,671,seq2
637,672,seq2
637,672,seq2
637,672,seq2
637,672,seq2
638,673,seq2
639,679,seq2
640,675,seq2
642,677,seq2
642,677,seq2
642,677,seq2
643,679,seq2
644,679,seq2
647,683,seq2
649,684,seq2
649,684,seq2
650,686,seq2
651,686,seq2
652,687,seq2
653,688,seq2
654,689,seq2
655,690,seq2
656,691,seq2
656,696,seq2
657,692,seq2
657,692,seq2
658,693,seq2
660,696,seq2
660,695,seq2
661,696,seq2
662,697,seq2
665,700,seq2
665,700,seq2
666,701,seq2
667,702,seq2
667,702,seq2
667,702,seq2
669,704,seq2
672,707,seq2
672,707,seq2
672,707,seq2
673,708,seq2
675,710,seq2
676,711,seq2
676,711,seq2
676,711,seq2
679,714,seq2
680,715,seq2
680,715,seq2
682,722,seq2
684,719,seq2
684,719,seq2
685,720,seq2
685,720,seq2
685,720,seq2
686,721,seq2
686,721,seq2
687,722,seq2
687,722,seq2
688,724,seq2
689,724,seq2
689,724,seq2
690,725,seq2
690,725,seq2
691,726,seq2
691,726,seq2
691,726,seq2
692,727,seq2
693,728,seq2
693,729,seq2
693,728,seq2
696,731,seq2
696,731,seq2
697,732,seq2
698,734,seq2
698,733,seq2
698,733,seq2
698,738,seq2
700,735,seq2
702,737,seq2
702,737,seq2
703,738,seq2
703,738,seq2
704,739,seq2
705,745,seq2
706,741,seq2
707,742,seq2
707,747,seq2
707,747,seq2
708,743,seq2
708,743,seq2
708,748,seq2
710,745,seq2
712,747,seq2
716,751,seq2
716,751,seq2
717,757,seq2
718,753,seq2
719,754,seq2
720,755,seq2
721,756,seq2
721,761,seq2
722,757,seq2
722,757,seq2
722,757,seq2
722,757,seq2
722,757,seq2
726,762,seq2
728,763,seq2
728,763,seq2
728,763,seq2
729,764,seq2
729,764,seq2
729,764,seq2
730,765,seq2
730,765,seq2
731,766,seq2
732,768,seq2
735,770,seq2
736,771,seq2
737,773,seq2
737,772,seq2
738,773,seq2
738,773,seq2
739,774,seq2
740,775,seq2
740,775,seq2
742,777,seq2
743,778,seq2
743,778,seq2
744,779,seq2
747,782,seq2
747,782,seq2
747,782,seq2
750,785,seq2
751,786,seq2
751,786,seq2
753,788,seq2
753,787,seq2
754,789,seq2
754,789,seq2
755,790,seq2
755,790,seq2
756,792,seq2
757,792,seq2
757,793,seq2
757,792,seq2
758,793,seq2
759,794,seq2
760,795,seq2
760,795,seq2
767,798,seq2
768,799,seq2
768,799,seq2
769,800,seq2
769,800,seq2
769,800,seq2
770,801,seq2
770,801,seq2
770,801,seq2
770,801,seq2
770,801,seq2
771,802,seq2
771,802,seq2
771,802,seq2
772,803,seq2
773,804,seq2
775,806,seq2
777,809,seq2
778,809,seq2
778,809,seq2
778,809,seq2
779,814,seq2
779,814,seq2
779,814,seq2
779,814,seq2
780,815,seq2
780,820,seq2
782,818,seq2
782,818,seq2
783,818,seq2
783,818,seq2
784,819,seq2
786,821,seq2
786,822,seq2
786,826,seq2
786,821,seq2
786,821,seq2
787,822,seq2
787,822,seq2
787,822,seq2
787,822,seq2
788,823,seq2
789,824,seq2
790,825,seq2
790,825,seq2
792,827,seq2
793,828,seq2
794,829,seq2
794,829,seq2
794,829,seq2
795,830,seq2
796,831,seq2
797,832,seq2
800,835,seq2
800,840,seq2
801,836,seq2
801,836,seq2
803,838,seq2
804,839,seq2
804,839,seq2
805,840,seq2
805,840,seq2
806,841,seq2
807,842,seq2
807,842,seq2
808,843,seq2
808,843,seq2
808,843,seq2
809,845,seq2
809,844,seq2
809,844,seq2
810,845,seq2
810,845,seq2
811,846,seq2
813,848,seq2
813,853,seq2
813,848,seq2
813,848,seq2
814,849,seq2
814,849,seq2
815,850,seq2
816,851,seq2
816,851,seq2
817,852,seq2
819,854,seq2
819,854,seq2
821,855,seq2
823,858,seq2
823,858,seq2
825,860,seq2
825,861,seq2
826,862,seq2
826,861,seq2
827,862,seq2
828,863,seq2
828,863,seq2
830,865,seq2
831,867,seq2
832,867,seq2
833,869,seq2
834,870,seq2
835,870,seq2
836,872,seq2
836,871,seq2
837,873,seq2
841,876,seq2
842,877,seq2
843,878,seq2
844,879,seq2
846,886,seq2
847,882,seq2
847,882,seq2
847,882,seq2
849,884,seq2
850,885,seq2
850,885,seq2
855,890,seq2
855,891,seq2
856,896,seq2
859,894,seq2
859,894,seq2
860,895,seq2
860,895,seq2
860,896,seq2
861,897,seq2
861,896,seq2
862,897,seq2
864,899,seq2
865,900,seq2
866,901,seq2
867,902,seq2
867,902,seq2
867,907,seq2
867,902,seq2
868,903,seq2
868,903,seq2
868,903,seq2
869,904,seq2
870,905,seq2
870,905,seq2
871,906,seq2
874,909,seq2
876,912,seq2
876,911,seq2
877,912,seq2
877,917,seq2
880,915,seq2
881,917,seq2
881,921,seq2
882,922,seq2
882,917,seq2
883,919,seq2
884,919,seq2
884,919,seq2
886,921,seq2
889,924,seq2
890,926,seq2
891,926,seq2
891,926,seq2
891,926,seq2
891,926,seq2
891,931,seq2
894,930,seq2
896,931,seq2
898,933,seq2
898,933,seq2
899,934,seq2
900,935,seq2
900,935,seq2
900,940,seq2
902,937,seq2
903,938,seq2
904,940,seq2
904,939,seq2
905,940,seq2
906,946,seq2
907,942,seq2
908,943,seq2
909,944,seq2
910,945,seq2
910,945,seq2
912,947,seq2
913,948,seq2
915,950,seq2
915,955,seq2
915,950,seq2
917,952,seq2
918,953,seq2
918,954,seq2
919,955,seq2
919,954,seq2
919,954,seq2
919,954,seq2
919,954,seq2
920,955,seq2
920,955,seq2
922,957,seq2
923,958,seq2
923,958,seq2
925,960,seq2
926,961,seq2
926,961,seq2
926,961,seq2
926,961,seq2
928,963,seq2
929,963,seq2
930,965,seq2
930,965,seq2
931,966,seq2
932,967,seq2
933,968,seq2
934,969,seq2
936,971,seq2
937,972,seq2
938,973,seq2
939,974,seq2
939,973,seq2
940,975,seq2
940,975,seq2
941,976,seq2
945,980,seq2
945,980,seq2
947,983,seq2
947,982,seq2
947,982,seq2
947,982,seq2
949,984,seq2
949,985,seq2
950,985,seq2
952,987,seq2
952,987,seq2
953,988,seq2
953,988,seq2
953,988,seq2
954,989,seq2
954,989,seq2
955,990,seq2
956,991,seq2
957,993,seq2
957,992,seq2
957,992,seq2
957,992,seq2
959,994,seq2
959,994,seq2
959,994,seq2
959,994,seq2
963,998,seq2
964,999,seq2
964,999,seq2
964,999,seq2
964,999,seq2
965,1000,seq2
965,1000,seq2
965,1000,seq2
966,1002,seq2
967,1002,seq2
967,1002,seq2
967,1002,seq2
968,1003,seq2
968,1003,seq2
969,1004,seq2
969,1004,seq2
969,1004,seq2
969,1009,seq2
970,1005,seq2
970,1005,seq2
971,1006,seq2
971,1006,seq2
972,1007,seq2
973,1008,seq2
974,1009,seq2
975,1010,seq2
976,1011,seq2
977,1012,seq2
977,1012,seq2
977,1012,seq2
977,1012,seq2
977,1017,seq2
978,1013,seq2
979,1015,seq2
979,1014,seq2
980,1015,seq2
980,1015,seq2
980,1015,seq2
981,1016,seq2
982,1017,seq2
983,1017,seq2
985,1020,seq2
986,1021,seq2
986,1021,seq2
987,1022,seq2
987,1022,seq2
988,1024,seq2
988,1023,seq2
988,1023,seq2
989,1025,seq2
990,1025,seq2
992,1027,seq2
992,1027,seq2
992,1028,seq2
993,1028,seq2
994,1030,seq2
994,1029,seq2
995,1030,seq2
996,1031,seq2
997,1032,seq2
998,1033,seq2
998,1033,seq2
998,1033,seq2
998,1033,seq2
999,1034,seq2
999,1034,seq2
999,1034,seq2
999,1034,seq2
1000,1035,seq2
1001,1036,seq2
1002,1037,seq2
1002,1037,seq2
1002,1038,seq2
1002,1037,seq2
1003,1039,seq2
1003,1038,seq2
1004,1039,seq2
1004,1039,seq2
1004,1039,seq2
1005,1040,seq2
1007,1042,seq2
1007,1047,seq2
1008,1043,seq2
1009,1044,seq2
1012,1047,seq2
1012,1047,seq2
1015,1050,seq2
1015,1051,seq2
1016,1052,seq2
1016,1051,seq2
1019,1054,seq2
1022,1057,seq2
1023,1058,seq2
1023,1058,seq2
1023,1058,seq2
1024,1059,seq2
1025,1061,seq2
1025,1060,seq2
1027,1062,seq2
1027,1062,seq2
1029,1064,seq2
1029,1064,seq2
1031,1071,seq2
1031,1066,seq2
1032,1067,seq2
1032,1067,seq2
1035,1070,seq2
1036,1072,seq2
1036,1071,seq2
1037,1073,seq2
1037,1072,seq2
1039,1074,seq2
1041,1076,seq2
1041,1076,seq2
1041,1076,seq2
1042,1082,seq2
1043,1078,seq2
1045,1080,seq2
1045,1081,seq2
1048,1083,seq2
1048,1083,seq2
1048,1083,seq2
1049,1084,seq2
1049,1084,seq2
1049,1084,seq2
1050,1085,seq2
1051,1086,seq2
1051,1086,seq2
1052,1087,seq2
1054,1089,seq2
1055,1090,seq2
1055,1090,seq2
1057,1092,seq2
1058,1093,seq2
1060,1095,seq2
1060,1095,seq2
1061,1096,seq2
1061,1097,seq2
1061,1096,seq2
1061,1101,seq2
1061,1096,seq2
1063,1098,seq2
1063,1103,seq2
1066,1101,seq2
1066,1101,seq2
1067,1100,seq2
1069,1104,seq2
1069,1104,seq2
1071,1106,seq2
1071,1106,seq2
1072,1107,seq2
1072,1112,seq2
1074,1109,seq2
1074,1109,seq2
1075,1111,seq2
1075,1110,seq2
1076,1111,seq2
1076,1111,seq2
1078,1113,seq2
1078,1113,seq2
1079,1114,seq2
1082,1117,seq2
1082,1117,seq2
1082,1117,seq2
1083,1118,seq2
1084,1119,seq2
1085,1121,seq2
1085,1120,seq2
1085,1120,seq2
1087,1122,seq2
1088,1123,seq2
1088,1123,seq2
1089,1124,seq2
1089,1124,seq2
1091,1127,seq2
1092,1127,seq2
1092,1128,seq2
1094,1129,seq2
1094,1129,seq2
1094,1129,seq2
1095,1130,seq2
1095,1130,seq2
1097,1132,seq2
1098,1133,seq2
1100,1135,seq2
1100,1135,seq2
1101,1136,seq2
1101,1136,seq2
1101,1136,seq2
1102,1137,seq2
1102,1137,seq2
1103,1139,seq2
1103,1138,seq2
1103,1138,seq2
1104,1139,seq2
1105,1140,seq2
1105,1145,seq2
1106,1141,seq2
1107,1142,seq2
1107,1142,seq2
1107,1142,seq2
1108,1143,seq2
1109,1149,seq2
1109,1144,seq2
1110,1145,seq2
1111,1146,seq2
1112,1148,seq2
1112,1147,seq2
1112,1147,seq2
1112,1147,seq2
1113,1148,seq2
1114,1149,seq2
1114,1149,seq2
1116,1151,seq2
1116,1151,seq2
1117,1152,seq2
1117,1152,seq2
1119,1154,seq2
1119,1154,seq2
1121,1157,seq2
1122,1157,seq2
1123,1159,seq2
1123,1158,seq2
1123,1158,seq2
1125,1160,seq2
1125,1160,seq2
1128,1163,seq2
1128,1163,seq2
1128,1168,seq2
1129,1164,seq2
1130,1170,seq2
1131,1166,seq2
1131,1166,seq2
1131,1166,seq2
1132,1167,seq2
1133,1168,seq2
1133,1168,seq2
1136,1171,seq2
1137,1172,seq2
1137,1172,seq2
1138,1173,seq2
1139,1174,seq2
1139,1174,seq2
1139,1174,seq2
1139,1174,seq2
1142,1177,seq2
1142,1177,seq2
1143,1178,seq2
1143,1178,seq2
1143,1178,seq2
1144,1179,seq2
1145,1180,seq2
1145,1180,seq2
1145,1180,seq2
1145,1180,seq2
1146,1181,seq2
1146,1181,seq2
1146,1181,seq2
1146,1181,seq2
1147,1182,seq2
1148,1183,seq2
1149,1185,seq2
1149,1184,seq2
1149,1184,seq2
1150,1185,seq2
1150,1185,seq2
1151,1186,seq2
1151,1186,seq2
1151,1186,seq2
1154,1190,seq2
1154,1189,seq2
1155,1190,seq2
1155,1190,seq2
1155,1190,seq2
1156,1191,seq2
1157,1192,seq2
1157,1192,seq2
1159,1194,seq2
1159,1194,seq2
1160,1195,seq2
1160,1195,seq2
1164,1199,seq2
1164,1199,seq2
1165,1200,seq2
1166,1201,seq2
1166,1201,seq2
1166,1201,seq2
1167,1202,seq2
1167,1202,seq2
1167,1202,seq2
1167,1202,seq2
1168,1203,seq2
1168,1203,seq2
1170,1205,seq2
1173,1209,seq2
1173,1209,seq2
1173,1208,seq2
1173,1208,seq2
1173,1208,seq2
1175,1210,seq2
1175,1210,seq2
1179,1214,seq2
1179,1214,seq2
1183,1218,seq2
1183,1218,seq2
1183,1218,seq2
1184,1219,seq2
1184,1219,seq2
1185,1220,seq2
1185,1220,seq2
1186,1221,seq2
1187,1222,seq2
1187,1223,seq2
1187,1222,seq2
1188,1224,seq2
1188,1223,seq2
1188,1223,seq2
1188,1223,seq2
1189,1224,seq2
1189,1224,seq2
1191,1226,seq2
1191,1226,seq2
1191,1226,seq2
1192,1227,seq2
1193,1228,seq2
1194,1229,seq2
1194,1229,seq2
1194,1229,seq2
1194,1229,seq2
1195,1230,seq2
1196,1232,seq2
1197,1232,seq2
1197,1232,seq2
1197,1237,seq2
1198,1233,seq2
1200,1236,seq2
1200,1235,seq2
1201,1236,seq2
1202,1237,seq2
1202,1237,seq2
1203,1238,seq2
1203,1238,seq2
1204,1239,seq2
1205,1240,seq2
1206,1241,seq2
1207,1242,seq2
1209,1244,seq2
1210,1245,seq2
1210,1246,seq2
1210,1245,seq2
1211,1246,seq2
1212,1247,seq2
1212,1247,seq2
1212,1247,seq2
1213,1248,seq2
1213,1248,seq2
1214,1249,seq2
1217,1253,seq2
1218,1253,seq2
1220,1255,seq2
1220,1255,seq2
1222,1257,seq2
1225,1260,seq2
1226,1261,seq2
1226,1261,seq2
1228,1263,seq2
1229,1264,seq2
1229,1264,seq2
1231,1267,seq2
1231,1266,seq2
1232,1267,seq2
1232,1267,seq2
1233,1268,seq2
1233,1269,seq2
1233,1268,seq2
1233,1268,seq2
1233,1268,seq2
1235,1270,seq2
1235,1275,seq2
1235,1270,seq2
1236,1271,seq2
1237,1272,seq2
1237,1272,seq2
1237,1272,seq2
1238,1273,seq2
1238,1273,seq2
1238,1278,seq2
1239,1274,seq2
1240,1276,seq2
1240,1275,seq2
1240,1275,seq2
1241,1276,seq2
1241,1276,seq2
1242,1277,seq2
1242,1277,seq2
1243,1278,seq2
1244,1279,seq2
1244,1279,seq2
1245,1280,seq2
1245,1280,seq2
1246,1282,seq2
1247,1282,seq2
1249,1284,seq2
1249,1284,seq2
1251,1286,seq2
1253,1288,seq2
1254,1289,seq2
1256,1291,seq2
1257,1292,seq2
1257,1292,seq2
1257,1292,seq2
1257,1292,seq2
1258,1293,seq2
1260,1296,seq2
1263,1298,seq2
1264,1299,seq2
1264,1299,seq2
1264,1299,seq2
1264,1299,seq2
1264,1300,seq2
1265,1300,seq2
1267,1303,seq2
1268,1303,seq2
1268,1303,seq2
1268,1303,seq2
1270,1305,seq2
1270,1306,seq2
1270,1305,seq2
1271,1306,seq2
1271,1306,seq2
1271,1306,seq2
1273,1308,seq2
1274,1309,seq2
1275,1310,seq2
1276,1311,seq2
1276,1311,seq2
1276,1311,seq2
1277,1312,seq2
1278,1313,seq2
1278,1313,seq2
1279,1314,seq2
1280,1315,seq2
1281,1316,seq2
1281,1321,seq2
1282,1317,seq2
1283,1318,seq2
1288,1323,seq2
1289,1324,seq2
1289,1324,seq2
1289,1324,seq2
1289,1324,seq2
1289,1324,seq2
1290,1325,seq2
1290,1325,seq2
1291,1326,seq2
1293,1328,seq2
1294,1329,seq2
1295,1330,seq2
1297,1332,seq2
1297,1337,seq2
1298,1334,seq2
1299,1334,seq2
1299,1334,seq2
1301,1336,seq2
1301,1336,seq2
1301,1341,seq2
1303,1338,seq2
1303,1338,seq2
1303,1337,seq2
1305,1345,seq2
1306,1341,seq2
1306,1341,seq2
1307,1343,seq2
1307,1342,seq2
1307,1342,seq2
1311,1346,seq2
1312,1347,seq2
1313,1349,seq2
1313,1348,seq2
1314,1349,seq2
1315,1350,seq2
1317,1352,seq2
1319,1354,seq2
1319,1354,seq2
1319,1354,seq2
1319,1354,seq2
1319,1354,seq2
1321,1357,seq2
1321,1356,seq2
1321,1356,seq2
1322,1357,seq2
1322,1357,seq2
1326,1361,seq2
1327,1362,seq2
1329,1364,seq2
1329,1364,seq2
1331,1366,seq2
1332,1367,seq2
1332,1367,seq2
1334,1369,seq2
1337,1372,seq2
1337,1372,seq2
1338,1373,seq2
1338,1373,seq2
1338,1373,seq2
1342,1377,seq2
1345,1381,seq2
1345,1380,seq2
1346,1381,seq2
1349,1385,seq2
1349,1384,seq2
1349,1389,seq2
1349,1384,seq2
1349,1384,seq2
1350,1385,seq2
1351,1386,seq2
1352,1387,seq2
1352,1387,seq2
1354,1389,seq2
1354,1389,seq2
1357,1392,seq2
1358,1393,seq2
1359,1394,seq2
1359,1394,seq2
1363,1398,seq2
1365,1400,seq2
1366,1401,seq2
1366,1401,seq2
1367,1402,seq2
1369,1404,seq2
1372,1407,seq2
1376,1412,seq2
1376,1411,seq2
1377,1412,seq2
1377,1412,seq2
1377,1412,seq2
1381,1416,seq2
1383,1418,seq2
1384,1419,seq2
1386,1422,seq2
1386,1421,seq2
1387,1422,seq2
1391,1426,seq2
1392,1427,seq2
1393,1428,seq2
1395,1430,seq2
1397,1432,seq2
1398,1434,seq2
1401,1436,seq2
1401,1436,seq2
1403,1438,seq2
1404,1439,seq2
1405,1440,seq2
1406,1441,seq2
1408,1444,seq2
1412,1447,seq2
1412,1447,seq2
1412,1447,seq2
1412,1447,seq2
1414,1449,seq2
1416,1451,seq2
1417,1452,seq2
1420,1455,seq2
1423,1458,seq2
1424,1459,seq2
1424,1464,seq2
1429,1464,seq2
1432,1467,seq2
1434,1469,seq2
1436,1471,seq2
1436,1472,seq2
1436,1471,seq2
1437,1472,seq2
1437,1472,seq2
1437,1472,seq2
1438,1473,seq2
1439,1474,seq2
1439,1474,seq2
1440,1476,seq2
1443,1478,seq2
1444,1480,seq2
1448,1483,seq2
1449,1489,seq2
1450,1485,seq2
1452,1487,seq2
1453,1488,seq2
1456,1491,seq2
1462,1497,seq2
1468,1503,seq2
1468,1503,seq2
1473,1508,seq2
1477,1512,seq2
1478,1513,seq2
1481,1516,seq2
1483,1519,seq2
1485,1520,seq2
1487,1522,seq2
1488,1523,seq2
1492,1527,seq2
1493,1528,seq2
1493,1533,seq2
1497,1532,seq2
1499,1535,seq2
1501,1536,seq2
1502,1537,seq2
1506,1541,seq2
1509,1544,seq2
1509,1544,seq2
1510,1545,seq2
1511,1551,seq2
1513,1548,seq2
1513,1549,seq2
1513,1548,seq2
1514,1550,seq2
1514,1549,seq2
1514,1549,seq2
1514,1549,seq2
1514,1549,seq2
1514,1549,seq2
1514,1549,seq2
1514,1549,seq2
1515,1550,seq2
1515,1550,seq2
1515,1548,seq2
1515,1550,seq2
1515,1550,seq2
1515,1550,seq2
1515,1550,seq2
1516,1552,seq2
1516,1551,seq2
1518,1553,seq2
1519,1554,seq2
1519,1554,seq2
1519,1554,seq2
1520,1555,seq2
1520,1555,seq2
1523,1556,seq2
1524,1559,seq2
1524,1558,seq2
1524,1559,seq2
1524,1559,seq2
1528,1563,seq2
1532,1567,seq2
1533,1568,seq2
