Begin	End(M)	Len	End	Sequence
1	36M	36	37	seq1
3	35M	35	38	seq1
5	35M	35	40	seq1
6	36M	36	42	seq1
9	35M	35	44	seq1
13	35M	35	48	seq1
13	36M	36	49	seq1
15	35M	35	50	seq1
18	35M	35	53	seq1
22	35M	35	57	seq1
22	35M	35	57	seq1
24	36M	36	60	seq1
28	35M	35	63	seq1
29	35M	35	64	seq1
31	35M	35	66	seq1
36	35M	35	71	seq1
37	35M	35	72	seq1
43	35M	35	78	seq1
49	36M	36	85	seq1
50	35M	35	85	seq1
51	35M	35	86	seq1
52	36M	36	88	seq1
59	35M	35	94	seq1
60	36M	36	96	seq1
60	35M	35	95	seq1
61	35M	35	96	seq1
61	35M	35	96	seq1
63	35M	35	98	seq1
67	35M	35	102	seq1
70	35M	35	105	seq1
73	35M	35	108	seq1
79	35M	35	114	seq1
79	35M	35	114	seq1
79	35M	35	114	seq1
80	35M	35	115	seq1
95	35M	35	130	seq1
95	*	0	95	seq1
100	*	0	100	seq1
100	35M	35	135	seq1
103	35M	35	138	seq1
110	35M	35	145	seq1
112	35M	35	147	seq1
113	*	0	113	seq1
113	35M	35	148	seq1
119	*	0	119	seq1
119	35M	35	154	seq1
121	35M	35	156	seq1
123	35M	35	158	seq1
126	35M	35	161	seq1
128	35M	35	163	seq1
129	35M	35	164	seq1
131	35M	35	166	seq1
133	35M	35	168	seq1
135	*	0	135	seq1
135	35M	35	170	seq1
135	35M	35	170	seq1
135	*	0	135	seq1
138	35M	35	173	seq1
140	35M	35	175	seq1
142	35M	35	177	seq1
147	35M	35	182	seq1
153	35M	35	188	seq1
154	35M	35	189	seq1
159	35M	35	194	seq1
163	35M	35	198	seq1
164	35M	35	199	seq1
165	35M	35	200	seq1
167	35M	35	202	seq1
170	35M	35	205	seq1
173	35M	35	208	seq1
174	35M	35	209	seq1
175	35M	35	210	seq1
176	35M	35	211	seq1
181	35M	35	216	seq1
181	35M	35	216	seq1
181	35M	35	216	seq1
182	36M	36	218	seq1
182	35M	35	217	seq1
185	35M	35	220	seq1
187	*	0	187	seq1
188	34M	34	222	seq1
193	35M	35	228	seq1
193	35M	35	228	seq1
195	36M	36	231	seq1
195	35M	35	230	seq1
198	35M	35	233	seq1
200	36M	36	236	seq1
200	35M	35	235	seq1
205	35M	35	240	seq1
206	35M	35	241	seq1
206	35M	35	241	seq1
209	35M	35	244	seq1
209	35M	35	244	seq1
209	35M	35	244	seq1
210	35M	35	245	seq1
211	35M	35	246	seq1
213	35M	35	248	seq1
213	35M	35	248	seq1
213	*	0	213	seq1
214	35M	35	249	seq1
215	35M	35	250	seq1
215	35M	35	250	seq1
216	35M	35	251	seq1
216	35M	35	251	seq1
218	35M	35	253	seq1
219	35M	35	254	seq1
220	35M	35	255	seq1
221	36M	36	257	seq1
222	36M	36	258	seq1
223	35M	35	258	seq1
224	36M	36	260	seq1
224	36M	36	260	seq1
224	36M	36	260	seq1
227	40M	40	267	seq1
228	35M	35	263	seq1
229	35M	35	264	seq1
229	35M	35	264	seq1
229	35M	35	264	seq1
230	35M	35	265	seq1
230	35M	35	265	seq1
231	35M	35	266	seq1
231	35M	35	266	seq1
232	35M	35	267	seq1
234	35M	35	269	seq1
235	35M	35	270	seq1
236	35M	35	271	seq1
236	35M	35	271	seq1
236	40M	40	276	seq1
236	*	0	236	seq1
237	35M	35	272	seq1
238	35M	35	273	seq1
240	35M	35	275	seq1
246	35M	35	281	seq1
246	35M	35	281	seq1
247	35M	35	282	seq1
247	36M	36	283	seq1
248	35M	35	283	seq1
250	35M	35	285	seq1
250	35M	35	285	seq1
254	35M	35	289	seq1
254	35M	35	289	seq1
256	35M	35	291	seq1
256	35M	35	291	seq1
259	35M	35	294	seq1
261	35M	35	296	seq1
263	35M	35	298	seq1
263	35M	35	298	seq1
265	35M	35	300	seq1
266	40M	40	306	seq1
267	35M	35	302	seq1
269	36M	36	305	seq1
271	18M5I12M	18	289	seq1
272	40M	40	312	seq1
275	14M5I17M	14	289	seq1
278	11M5I19M	11	289	seq1
283	35M	35	318	seq1
284	35M	35	319	seq1
285	35M	35	320	seq1
285	35M	35	320	seq1
285	35M	35	320	seq1
287	35M	35	322	seq1
287	35M	35	322	seq1
287	35M	35	322	seq1
288	35M	35	323	seq1
288	35M	35	323	seq1
290	35M	35	325	seq1
291	35M	35	326	seq1
293	34M	34	327	seq1
294	35M	35	329	seq1
295	35M	35	330	seq1
296	35M	35	331	seq1
296	35M	35	331	seq1
296	35M	35	331	seq1
296	35M	35	331	seq1
297	35M	35	332	seq1
299	35M	35	334	seq1
299	35M	35	334	seq1
301	35M	35	336	seq1
301	35M	35	336	seq1
302	35M	35	337	seq1
303	35M	35	338	seq1
304	35M	35	339	seq1
305	35M	35	340	seq1
305	35M	35	340	seq1
311	35M	35	346	seq1
312	35M	35	347	seq1
315	35M	35	350	seq1
315	35M	35	350	seq1
316	35M	35	351	seq1
318	35M	35	353	seq1
321	35M	35	356	seq1
322	35M	35	357	seq1
323	35M	35	358	seq1
325	35M	35	360	seq1
328	35M	35	363	seq1
328	35M	35	363	seq1
329	36M	36	365	seq1
329	35M	35	364	seq1
330	35M	35	365	seq1
332	35M	35	367	seq1
332	36M	36	368	seq1
334	35M	35	369	seq1
334	35M	35	369	seq1
336	35M	35	371	seq1
337	36M	36	373	seq1
337	34M	34	371	seq1
337	35M	35	372	seq1
337	35M	35	372	seq1
340	35M	35	375	seq1
340	35M	35	375	seq1
340	35M	35	375	seq1
341	35M	35	376	seq1
341	35M	35	376	seq1
341	35M	35	376	seq1
341	35M	35	376	seq1
343	35M	35	378	seq1
343	35M	35	378	seq1
344	35M	35	379	seq1
344	35M	35	379	seq1
347	35M	35	382	seq1
347	35M	35	382	seq1
348	35M	35	383	seq1
350	35M	35	385	seq1
350	35M	35	385	seq1
350	35M	35	385	seq1
353	35M	35	388	seq1
353	36M	36	389	seq1
353	35M	35	388	seq1
353	35M	35	388	seq1
354	40M	40	394	seq1
356	36M	36	392	seq1
356	35M	35	391	seq1
357	36M	36	393	seq1
357	33M	33	390	seq1
357	35M	35	392	seq1
359	35M	35	394	seq1
360	35M	35	395	seq1
361	35M	35	396	seq1
362	35M	35	397	seq1
363	35M	35	398	seq1
363	35M	35	398	seq1
364	35M	35	399	seq1
365	35M	35	400	seq1
368	35M	35	403	seq1
368	35M	35	403	seq1
370	35M	35	405	seq1
371	35M	35	406	seq1
371	35M	35	406	seq1
372	35M	35	407	seq1
373	36M	36	409	seq1
373	35M	35	408	seq1
374	35M	35	409	seq1
377	35M	35	412	seq1
377	35M	35	412	seq1
378	35M	35	413	seq1
379	35M	35	414	seq1
379	35M	35	414	seq1
380	35M	35	415	seq1
380	35M	35	415	seq1
381	36M	36	417	seq1
381	35M	35	416	seq1
382	35M	35	417	seq1
382	34M	34	416	seq1
384	35M	35	419	seq1
386	35M	35	421	seq1
387	36M	36	423	seq1
387	35M	35	422	seq1
387	40M	40	427	seq1
389	35M	35	424	seq1
389	35M	35	424	seq1
389	35M	35	424	seq1
391	35M	35	426	seq1
392	35M	35	427	seq1
392	35M	35	427	seq1
392	35M	35	427	seq1
393	35M	35	428	seq1
394	35M	35	429	seq1
394	35M	35	429	seq1
394	35M	35	429	seq1
396	35M	35	431	seq1
396	35M	35	431	seq1
397	40M	40	437	seq1
398	35M	35	433	seq1
399	35M	35	434	seq1
400	34M	34	434	seq1
401	35M	35	436	seq1
402	35M	35	437	seq1
403	35M	35	438	seq1
403	35M	35	438	seq1
404	36M	36	440	seq1
406	35M	35	441	seq1
408	35M	35	443	seq1
410	35M	35	445	seq1
411	35M	35	446	seq1
411	35M	35	446	seq1
411	*	0	411	seq1
412	35M	35	447	seq1
412	35M	35	447	seq1
413	35M	35	448	seq1
415	35M	35	450	seq1
415	34M	34	449	seq1
415	36M	36	451	seq1
415	35M	35	450	seq1
417	36M	36	453	seq1
418	35M	35	453	seq1
418	35M	35	453	seq1
420	35M	35	455	seq1
420	35M	35	455	seq1
425	35M	35	460	seq1
427	35M	35	462	seq1
428	35M	35	463	seq1
428	35M	35	463	seq1
429	35M	35	464	seq1
430	35M	35	465	seq1
431	35M	35	466	seq1
431	35M	35	466	seq1
433	*	0	433	seq1
433	35M	35	468	seq1
434	35M	35	469	seq1
435	40M	40	475	seq1
436	*	0	436	seq1
436	35M	35	471	seq1
437	35M	35	472	seq1
437	35M	35	472	seq1
437	*	0	437	seq1
437	*	0	437	seq1
437	35M	35	472	seq1
439	35M	35	474	seq1
440	35M	35	475	seq1
442	35M	35	477	seq1
446	35M	35	481	seq1
446	35M	35	481	seq1
446	35M	35	481	seq1
446	35M	35	481	seq1
446	40M	40	486	seq1
447	35M	35	482	seq1
449	36M	36	485	seq1
450	35M	35	485	seq1
451	36M	36	487	seq1
451	35M	35	486	seq1
452	35M	35	487	seq1
452	35M	35	487	seq1
453	35M	35	488	seq1
453	35M	35	488	seq1
453	*	0	453	seq1
454	35M	35	489	seq1
454	35M	35	489	seq1
457	36M	36	493	seq1
458	35M	35	493	seq1
459	35M	35	494	seq1
462	35M	35	497	seq1
463	35M	35	498	seq1
464	35M	35	499	seq1
465	36M	36	501	seq1
467	35M	35	502	seq1
468	35M	35	503	seq1
470	35M	35	505	seq1
470	35M	35	505	seq1
471	35M	35	506	seq1
472	35M	35	507	seq1
472	35M	35	507	seq1
473	35M	35	508	seq1
474	35M	35	509	seq1
476	35M	35	511	seq1
477	35M	35	512	seq1
477	36M	36	513	seq1
477	35M	35	512	seq1
479	35M	35	514	seq1
480	35M	35	515	seq1
480	34M	34	514	seq1
480	33M	33	513	seq1
480	35M	35	515	seq1
481	35M	35	516	seq1
481	35M	35	516	seq1
482	35M	35	517	seq1
484	35M	35	519	seq1
486	35M	35	521	seq1
488	35M	35	523	seq1
489	35M	35	524	seq1
490	36M	36	526	seq1
490	35M	35	525	seq1
490	35M	35	525	seq1
491	35M	35	526	seq1
493	35M	35	528	seq1
493	35M	35	528	seq1
494	35M	35	529	seq1
494	35M	35	529	seq1
494	35M	35	529	seq1
494	35M	35	529	seq1
495	35M	35	530	seq1
496	35M	35	531	seq1
496	36M	36	532	seq1
497	35M	35	532	seq1
499	35M	35	534	seq1
502	35M	35	537	seq1
502	35M	35	537	seq1
502	35M	35	537	seq1
503	36M	36	539	seq1
503	35M	35	538	seq1
503	35M	35	538	seq1
504	35M	35	539	seq1
505	34M	34	539	seq1
507	35M	35	542	seq1
508	35M	35	543	seq1
509	35M	35	544	seq1
510	35M	35	545	seq1
511	35M	35	546	seq1
512	35M	35	547	seq1
512	36M	36	548	seq1
512	35M	35	547	seq1
513	35M	35	548	seq1
515	35M	35	550	seq1
515	35M	35	550	seq1
515	35M	35	550	seq1
517	40M	40	557	seq1
518	35M	35	553	seq1
520	34M	34	554	seq1
520	35M	35	555	seq1
521	36M	36	557	seq1
521	35M	35	556	seq1
522	35M	35	557	seq1
524	35M	35	559	seq1
524	40M	40	564	seq1
524	35M	35	559	seq1
525	35M	35	560	seq1
525	35M	35	560	seq1
526	35M	35	561	seq1
526	35M	35	561	seq1
526	35M	35	561	seq1
527	35M	35	562	seq1
528	40M	40	568	seq1
529	35M	35	564	seq1
530	35M	35	565	seq1
531	35M	35	566	seq1
534	35M	35	569	seq1
534	36M	36	570	seq1
537	36M	36	573	seq1
538	35M	35	573	seq1
538	40M	40	578	seq1
540	35M	35	575	seq1
540	36M	36	576	seq1
541	35M	35	576	seq1
541	35M	35	576	seq1
542	35M	35	577	seq1
542	35M	35	577	seq1
543	35M	35	578	seq1
544	35M	35	579	seq1
545	36M	36	581	seq1
547	35M	35	582	seq1
548	35M	35	583	seq1
549	35M	35	584	seq1
549	35M	35	584	seq1
550	35M	35	585	seq1
551	35M	35	586	seq1
552	35M	35	587	seq1
552	35M	35	587	seq1
554	35M	35	589	seq1
556	35M	35	591	seq1
557	36M	36	593	seq1
559	35M	35	594	seq1
559	35M	35	594	seq1
560	35M	35	595	seq1
560	35M	35	595	seq1
561	35M	35	596	seq1
562	35M	35	597	seq1
562	35M	35	597	seq1
562	35M	35	597	seq1
562	35M	35	597	seq1
563	35M	35	598	seq1
563	35M	35	598	seq1
563	35M	35	598	seq1
565	36M	36	601	seq1
567	35M	35	602	seq1
568	35M	35	603	seq1
568	35M	35	603	seq1
568	35M	35	603	seq1
570	35M	35	605	seq1
571	35M	35	606	seq1
571	35M	35	606	seq1
572	35M	35	607	seq1
573	35M	35	608	seq1
574	35M	35	609	seq1
575	35M	35	610	seq1
576	35M	35	611	seq1
576	35M	35	611	seq1
578	35M	35	613	seq1
578	35M	35	613	seq1
579	35M	35	614	seq1
581	35M	35	616	seq1
582	35M	35	617	seq1
582	35M	35	617	seq1
584	35M	35	619	seq1
584	35M	35	619	seq1
586	36M	36	622	seq1
586	35M	35	621	seq1
587	35M	35	622	seq1
587	40M	40	627	seq1
588	35M	35	623	seq1
588	35M	35	623	seq1
589	35M	35	624	seq1
590	36M	36	626	seq1
591	35M	35	626	seq1
592	35M	35	627	seq1
593	35M	35	628	seq1
593	35M	35	628	seq1
593	35M	35	628	seq1
593	35M	35	628	seq1
594	35M	35	629	seq1
595	36M	36	631	seq1
596	35M	35	631	seq1
596	35M	35	631	seq1
597	35M	35	632	seq1
598	35M	35	633	seq1
598	35M	35	633	seq1
598	35M	35	633	seq1
599	35M	35	634	seq1
599	35M	35	634	seq1
599	35M	35	634	seq1
600	35M	35	635	seq1
600	35M	35	635	seq1
604	35M	35	639	seq1
604	34M	34	638	seq1
604	35M	35	639	seq1
606	35M	35	641	seq1
606	35M	35	641	seq1
607	35M	35	642	seq1
607	35M	35	642	seq1
609	36M	36	645	seq1
610	36M	36	646	seq1
610	35M	35	645	seq1
611	35M	35	646	seq1
614	35M	35	649	seq1
615	35M	35	650	seq1
616	35M	35	651	seq1
619	35M	35	654	seq1
620	35M	35	655	seq1
621	35M	35	656	seq1
621	35M	35	656	seq1
622	35M	35	657	seq1
624	40M	40	664	seq1
624	35M	35	659	seq1
626	35M	35	661	seq1
627	35M	35	662	seq1
627	35M	35	662	seq1
629	35M	35	664	seq1
631	35M	35	666	seq1
631	35M	35	666	seq1
631	34M	34	665	seq1
632	35M	35	667	seq1
632	40M	40	672	seq1
634	35M	35	669	seq1
634	35M	35	669	seq1
634	35M	35	669	seq1
635	35M	35	670	seq1
635	35M	35	670	seq1
640	35M	35	675	seq1
641	36M	36	677	seq1
641	35M	35	676	seq1
642	35M	35	677	seq1
643	35M	35	678	seq1
645	35M	35	680	seq1
646	35M	35	681	seq1
646	35M	35	681	seq1
648	35M	35	683	seq1
650	35M	35	685	seq1
650	35M	35	685	seq1
651	36M	36	687	seq1
651	35M	35	686	seq1
651	35M	35	686	seq1
652	35M	35	687	seq1
652	*	0	652	seq1
652	35M	35	687	seq1
652	35M	35	687	seq1
652	35M	35	687	seq1
652	40M	40	692	seq1
655	35M	35	690	seq1
655	35M	35	690	seq1
656	35M	35	691	seq1
658	35M	35	693	seq1
660	35M	35	695	seq1
660	36M	36	696	seq1
663	35M	35	698	seq1
666	35M	35	701	seq1
667	35M	35	702	seq1
668	40M	40	708	seq1
669	35M	35	704	seq1
670	35M	35	705	seq1
670	35M	35	705	seq1
671	35M	35	706	seq1
672	36M	36	708	seq1
673	35M	35	708	seq1
673	35M	35	708	seq1
674	35M	35	709	seq1
674	*	0	674	seq1
675	36M	36	711	seq1
676	36M	36	712	seq1
679	35M	35	714	seq1
679	35M	35	714	seq1
680	35M	35	715	seq1
681	35M	35	716	seq1
681	35M	35	716	seq1
682	35M	35	717	seq1
683	35M	35	718	seq1
683	35M	35	718	seq1
684	35M	35	719	seq1
685	36M	36	721	seq1
685	35M	35	720	seq1
685	35M	35	720	seq1
686	35M	35	721	seq1
686	35M	35	721	seq1
687	40M	40	727	seq1
688	35M	35	723	seq1
688	35M	35	723	seq1
689	35M	35	724	seq1
691	35M	35	726	seq1
691	35M	35	726	seq1
694	35M	35	729	seq1
695	35M	35	730	seq1
698	35M	35	733	seq1
698	35M	35	733	seq1
698	35M	35	733	seq1
700	35M	35	735	seq1
701	35M	35	736	seq1
704	35M	35	739	seq1
705	35M	35	740	seq1
705	35M	35	740	seq1
709	35M	35	744	seq1
711	36M	36	747	seq1
711	35M	35	746	seq1
712	35M	35	747	seq1
713	36M	36	749	seq1
716	35M	35	751	seq1
717	35M	35	752	seq1
717	35M	35	752	seq1
719	35M	35	754	seq1
719	36M	36	755	seq1
720	35M	35	755	seq1
721	36M	36	757	seq1
722	36M	36	758	seq1
723	35M	35	758	seq1
726	36M	36	762	seq1
727	35M	35	762	seq1
728	35M	35	763	seq1
729	35M	35	764	seq1
729	35M	35	764	seq1
730	35M	35	765	seq1
730	35M	35	765	seq1
731	35M	35	766	seq1
731	35M	35	766	seq1
733	35M	35	768	seq1
734	35M	35	769	seq1
740	36M	36	776	seq1
740	36M	36	776	seq1
740	35M	35	775	seq1
743	35M	35	778	seq1
743	35M	35	778	seq1
745	35M	35	780	seq1
745	35M	35	780	seq1
746	36M	36	782	seq1
747	35M	35	782	seq1
748	35M	35	783	seq1
750	35M	35	785	seq1
750	35M	35	785	seq1
751	35M	35	786	seq1
751	35M	35	786	seq1
752	35M	35	787	seq1
752	35M	35	787	seq1
752	35M	35	787	seq1
754	35M	35	789	seq1
755	35M	35	790	seq1
755	35M	35	790	seq1
755	35M	35	790	seq1
756	35M	35	791	seq1
756	35M	35	791	seq1
756	40M	40	796	seq1
757	35M	35	792	seq1
757	35M	35	792	seq1
757	35M	35	792	seq1
759	34M	34	793	seq1
761	35M	35	796	seq1
762	35M	35	797	seq1
764	36M	36	800	seq1
767	35M	35	802	seq1
768	35M	35	803	seq1
768	35M	35	803	seq1
768	35M	35	803	seq1
770	35M	35	805	seq1
770	35M	35	805	seq1
771	35M	35	806	seq1
772	34M	34	806	seq1
773	35M	35	808	seq1
773	35M	35	808	seq1
774	35M	35	809	seq1
776	35M	35	811	seq1
777	36M	36	813	seq1
777	35M	35	812	seq1
777	35M	35	812	seq1
778	35M	35	813	seq1
779	35M	35	814	seq1
781	35M	35	816	seq1
782	35M	35	817	seq1
783	35M	35	818	seq1
783	35M	35	818	seq1
784	36M	36	820	seq1
784	35M	35	819	seq1
784	35M	35	819	seq1
785	35M	35	820	seq1
786	35M	35	821	seq1
786	35M	35	821	seq1
787	35M	35	822	seq1
788	40M	40	828	seq1
789	35M	35	824	seq1
789	35M	35	824	seq1
789	35M	35	824	seq1
790	35M	35	825	seq1
790	35M	35	825	seq1
791	35M	35	826	seq1
791	35M	35	826	seq1
792	35M	35	827	seq1
793	35M	35	828	seq1
794	35M	35	829	seq1
795	35M	35	830	seq1
798	35M	35	833	seq1
798	35M	35	833	seq1
798	35M	35	833	seq1
798	35M	35	833	seq1
799	35M	35	834	seq1
802	35M	35	837	seq1
802	40M	40	842	seq1
803	35M	35	838	seq1
803	35M	35	838	seq1
805	35M	35	840	seq1
805	35M	35	840	seq1
805	35M	35	840	seq1
806	35M	35	841	seq1
812	35M	35	847	seq1
812	35M	35	847	seq1
813	35M	35	848	seq1
814	35M	35	849	seq1
814	40M	40	854	seq1
817	35M	35	852	seq1
818	35M	35	853	seq1
818	35M	35	853	seq1
819	35M	35	854	seq1
820	35M	35	855	seq1
821	35M	35	856	seq1
822	35M	35	857	seq1
822	35M	35	857	seq1
823	35M	35	858	seq1
823	35M	35	858	seq1
830	35M	35	865	seq1
831	35M	35	866	seq1
837	35M	35	872	seq1
838	35M	35	873	seq1
839	35M	35	874	seq1
839	35M	35	874	seq1
840	35M	35	875	seq1
841	35M	35	876	seq1
841	35M	35	876	seq1
842	35M	35	877	seq1
842	35M	35	877	seq1
843	35M	35	878	seq1
843	35M	35	878	seq1
843	36M	36	879	seq1
846	35M	35	881	seq1
847	35M	35	882	seq1
849	35M	35	884	seq1
851	35M	35	886	seq1
854	35M	35	889	seq1
855	36M	36	891	seq1
855	36M	36	891	seq1
856	35M	35	891	seq1
857	35M	35	892	seq1
859	35M	35	894	seq1
862	35M	35	897	seq1
862	35M	35	897	seq1
863	35M	35	898	seq1
863	35M	35	898	seq1
864	35M	35	899	seq1
866	35M	35	901	seq1
866	35M	35	901	seq1
868	35M	35	903	seq1
868	35M	35	903	seq1
868	35M	35	903	seq1
868	35M	35	903	seq1
869	35M	35	904	seq1
869	35M	35	904	seq1
870	35M	35	905	seq1
870	35M	35	905	seq1
871	36M	36	907	seq1
871	35M	35	906	seq1
871	35M	35	906	seq1
874	35M	35	909	seq1
875	35M	35	910	seq1
875	35M	35	910	seq1
879	35M	35	914	seq1
879	35M	35	914	seq1
880	35M	35	915	seq1
880	35M	35	915	seq1
880	35M	35	915	seq1
881	35M	35	916	seq1
882	35M	35	917	seq1
885	35M	35	920	seq1
885	35M	35	920	seq1
885	35M	35	920	seq1
885	35M	35	920	seq1
886	35M	35	921	seq1
888	35M	35	923	seq1
888	35M	35	923	seq1
889	35M	35	924	seq1
891	35M	35	926	seq1
891	35M	35	926	seq1
892	35M	35	927	seq1
893	40M	40	933	seq1
894	35M	35	929	seq1
894	35M	35	929	seq1
895	35M	35	930	seq1
895	35M	35	930	seq1
896	36M	36	932	seq1
898	35M	35	933	seq1
900	35M	35	935	seq1
900	35M	35	935	seq1
902	36M	36	938	seq1
903	35M	35	938	seq1
905	35M	35	940	seq1
905	35M	35	940	seq1
905	35M	35	940	seq1
907	35M	35	942	seq1
908	35M	35	943	seq1
910	35M	35	945	seq1
911	35M	35	946	seq1
913	35M	35	948	seq1
914	35M	35	949	seq1
915	35M	35	950	seq1
915	35M	35	950	seq1
917	35M	35	952	seq1
919	35M	35	954	seq1
920	35M	35	955	seq1
920	35M	35	955	seq1
920	35M	35	955	seq1
920	35M	35	955	seq1
920	35M	35	955	seq1
920	35M	35	955	seq1
921	35M	35	956	seq1
923	36M	36	959	seq1
923	35M	35	958	seq1
925	35M	35	960	seq1
926	35M	35	961	seq1
926	35M	35	961	seq1
927	36M	36	963	seq1
927	35M	35	962	seq1
927	35M	35	962	seq1
928	35M	35	963	seq1
929	35M	35	964	seq1
930	36M	36	966	seq1
930	35M	35	965	seq1
932	35M	35	967	seq1
933	35M	35	968	seq1
934	34M	34	968	seq1
936	35M	35	971	seq1
936	35M	35	971	seq1
938	35M	35	973	seq1
938	35M	35	973	seq1
938	35M	35	973	seq1
939	35M	35	974	seq1
939	35M	35	974	seq1
940	35M	35	975	seq1
940	35M	35	975	seq1
943	35M	35	978	seq1
946	35M	35	981	seq1
949	36M	36	985	seq1
951	35M	35	986	seq1
953	35M	35	988	seq1
953	35M	35	988	seq1
953	35M	35	988	seq1
954	35M	35	989	seq1
954	35M	35	989	seq1
957	35M	35	992	seq1
958	35M	35	993	seq1
958	35M	35	993	seq1
959	35M	35	994	seq1
960	35M	35	995	seq1
961	35M	35	996	seq1
962	35M	35	997	seq1
963	35M	35	998	seq1
963	35M	35	998	seq1
964	35M	35	999	seq1
965	35M	35	1000	seq1
965	35M	35	1000	seq1
970	35M	35	1005	seq1
971	35M	35	1006	seq1
972	35M	35	1007	seq1
973	35M	35	1008	seq1
974	35M	35	1009	seq1
975	35M	35	1010	seq1
976	35M	35	1011	seq1
981	35M	35	1016	seq1
981	36M	36	1017	seq1
981	35M	35	1016	seq1
982	35M	35	1017	seq1
982	35M	35	1017	seq1
983	35M	35	1018	seq1
983	36M	36	1019	seq1
984	35M	35	1019	seq1
985	35M	35	1020	seq1
985	35M	35	1020	seq1
985	35M	35	1020	seq1
987	35M	35	1022	seq1
987	35M	35	1022	seq1
990	35M	35	1025	seq1
990	35M	35	1025	seq1
992	35M	35	1027	seq1
992	35M	35	1027	seq1
994	35M	35	1029	seq1
995	35M	35	1030	seq1
995	35M	35	1030	seq1
996	35M	35	1031	seq1
996	35M	35	1031	seq1
997	35M	35	1032	seq1
998	35M	35	1033	seq1
999	35M	35	1034	seq1
999	35M	35	1034	seq1
999	35M	35	1034	seq1
1000	35M	35	1035	seq1
1001	35M	35	1036	seq1
1002	35M	35	1037	seq1
1002	35M	35	1037	seq1
1004	35M	35	1039	seq1
1005	35M	35	1040	seq1
1005	35M	35	1040	seq1
1006	35M	35	1041	seq1
1008	36M	36	1044	seq1
1009	35M	35	1044	seq1
1010	35M	35	1045	seq1
1010	35M	35	1045	seq1
1012	35M	35	1047	seq1
1013	35M	35	1048	seq1
1013	35M	35	1048	seq1
1013	35M	35	1048	seq1
1015	35M	35	1050	seq1
1015	35M	35	1050	seq1
1016	35M	35	1051	seq1
1018	35M	35	1053	seq1
1018	36M	36	1054	seq1
1019	35M	35	1054	seq1
1019	35M	35	1054	seq1
1019	35M	35	1054	seq1
1020	34M	34	1054	seq1
1021	34M	34	1055	seq1
1021	35M	35	1056	seq1
1025	36M	36	1061	seq1
1025	35M	35	1060	seq1
1026	35M	35	1061	seq1
1026	35M	35	1061	seq1
1030	36M	36	1066	seq1
1030	35M	35	1065	seq1
1032	35M	35	1067	seq1
1033	35M	35	1068	seq1
1033	35M	35	1068	seq1
1033	35M	35	1068	seq1
1035	36M	36	1071	seq1
1035	35M	35	1070	seq1
1036	36M	36	1072	seq1
1037	35M	35	1072	seq1
1038	35M	35	1073	seq1
1040	35M	35	1075	seq1
1040	35M	35	1075	seq1
1041	35M	35	1076	seq1
1041	35M	35	1076	seq1
1044	35M	35	1079	seq1
1044	40M	40	1084	seq1
1044	35M	35	1079	seq1
1048	35M	35	1083	seq1
1048	35M	35	1083	seq1
1048	35M	35	1083	seq1
1048	35M	35	1083	seq1
1048	36M	36	1084	seq1
1050	35M	35	1085	seq1
1050	35M	35	1085	seq1
1052	35M	35	1087	seq1
1052	35M	35	1087	seq1
1052	35M	35	1087	seq1
1052	35M	35	1087	seq1
1056	36M	36	1092	seq1
1056	35M	35	1091	seq1
1056	35M	35	1091	seq1
1057	35M	35	1092	seq1
1058	35M	35	1093	seq1
1061	35M	35	1096	seq1
1061	35M	35	1096	seq1
1064	35M	35	1099	seq1
1064	35M	35	1099	seq1
1066	35M	35	1101	seq1
1067	35M	35	1102	seq1
1067	35M	35	1102	seq1
1068	35M	35	1103	seq1
1068	40M	40	1108	seq1
1069	35M	35	1104	seq1
1069	35M	35	1104	seq1
1070	35M	35	1105	seq1
1071	35M	35	1106	seq1
1071	35M	35	1106	seq1
1071	35M	35	1106	seq1
1071	35M	35	1106	seq1
1072	35M	35	1107	seq1
1072	35M	35	1107	seq1
1072	35M	35	1107	seq1
1073	35M	35	1108	seq1
1073	35M	35	1108	seq1
1074	36M	36	1110	seq1
1074	35M	35	1109	seq1
1075	35M	35	1110	seq1
1075	35M	35	1110	seq1
1075	35M	35	1110	seq1
1075	35M	35	1110	seq1
1076	35M	35	1111	seq1
1077	35M	35	1112	seq1
1078	35M	35	1113	seq1
1079	35M	35	1114	seq1
1080	35M	35	1115	seq1
1081	35M	35	1116	seq1
1081	36M	36	1117	seq1
1082	35M	35	1117	seq1
1082	34M	34	1116	seq1
1082	35M	35	1117	seq1
1083	35M	35	1118	seq1
1084	35M	35	1119	seq1
1084	35M	35	1119	seq1
1085	35M	35	1120	seq1
1086	35M	35	1121	seq1
1087	35M	35	1122	seq1
1087	35M	35	1122	seq1
1088	35M	35	1123	seq1
1088	35M	35	1123	seq1
1088	35M	35	1123	seq1
1092	35M	35	1127	seq1
1093	35M	35	1128	seq1
1094	35M	35	1129	seq1
1094	35M	35	1129	seq1
1095	35M	35	1130	seq1
1096	35M	35	1131	seq1
1096	35M	35	1131	seq1
1098	35M	35	1133	seq1
1098	35M	35	1133	seq1
1098	35M	35	1133	seq1
1098	35M	35	1133	seq1
1099	35M	35	1134	seq1
1099	35M	35	1134	seq1
1100	35M	35	1135	seq1
1100	35M	35	1135	seq1
1102	36M	36	1138	seq1
1102	35M	35	1137	seq1
1103	35M	35	1138	seq1
1103	35M	35	1138	seq1
1105	36M	36	1141	seq1
1105	35M	35	1140	seq1
1106	36M	36	1142	seq1
1106	35M	35	1141	seq1
1107	35M	35	1142	seq1
1108	35M	35	1143	seq1
1108	35M	35	1143	seq1
1109	35M	35	1144	seq1
1109	35M	35	1144	seq1
1110	35M	35	1145	seq1
1110	35M	35	1145	seq1
1110	35M	35	1145	seq1
1110	35M	35	1145	seq1
1110	35M	35	1145	seq1
1112	35M	35	1147	seq1
1112	35M	35	1147	seq1
1112	35M	35	1147	seq1
1112	35M	35	1147	seq1
1117	35M	35	1152	seq1
1119	35M	35	1154	seq1
1119	35M	35	1154	seq1
1121	35M	35	1156	seq1
1121	35M	35	1156	seq1
1121	35M	35	1156	seq1
1121	40M	40	1161	seq1
1122	35M	35	1157	seq1
1126	35M	35	1161	seq1
1129	35M	35	1164	seq1
1132	35M	35	1167	seq1
1133	35M	35	1168	seq1
1134	35M	35	1169	seq1
1136	35M	35	1171	seq1
1136	35M	35	1171	seq1
1137	35M	35	1172	seq1
1137	35M	35	1172	seq1
1138	36M	36	1174	seq1
1138	35M	35	1173	seq1
1139	35M	35	1174	seq1
1139	35M	35	1174	seq1
1142	35M	35	1177	seq1
1142	35M	35	1177	seq1
1142	35M	35	1177	seq1
1143	35M	35	1178	seq1
1144	35M	35	1179	seq1
1145	35M	35	1180	seq1
1146	35M	35	1181	seq1
1147	35M	35	1182	seq1
1148	35M	35	1183	seq1
1150	35M	35	1185	seq1
1151	35M	35	1186	seq1
1151	35M	35	1186	seq1
1153	40M	40	1193	seq1
1154	35M	35	1189	seq1
1154	36M	36	1190	seq1
1156	35M	35	1191	seq1
1156	35M	35	1191	seq1
1156	35M	35	1191	seq1
1157	35M	35	1192	seq1
1158	35M	35	1193	seq1
1159	35M	35	1194	seq1
1159	35M	35	1194	seq1
1159	35M	35	1194	seq1
1160	35M	35	1195	seq1
1160	35M	35	1195	seq1
1161	35M	35	1196	seq1
1161	35M	35	1196	seq1
1163	35M	35	1198	seq1
1164	36M	36	1200	seq1
1164	35M	35	1199	seq1
1165	35M	35	1200	seq1
1166	35M	35	1201	seq1
1167	35M	35	1202	seq1
1167	35M	35	1202	seq1
1168	35M	35	1203	seq1
1168	35M	35	1203	seq1
1169	35M	35	1204	seq1
1171	35M	35	1206	seq1
1171	36M	36	1207	seq1
1172	35M	35	1207	seq1
1173	35M	35	1208	seq1
1175	35M	35	1210	seq1
1175	35M	35	1210	seq1
1176	36M	36	1212	seq1
1178	35M	35	1213	seq1
1178	35M	35	1213	seq1
1180	35M	35	1215	seq1
1180	35M	35	1215	seq1
1180	35M	35	1215	seq1
1181	35M	35	1216	seq1
1182	35M	35	1217	seq1
1186	35M	35	1221	seq1
1189	35M	35	1224	seq1
1189	35M	35	1224	seq1
1190	35M	35	1225	seq1
1190	35M	35	1225	seq1
1192	36M	36	1228	seq1
1193	35M	35	1228	seq1
1193	35M	35	1228	seq1
1194	35M	35	1229	seq1
1195	35M	35	1230	seq1
1196	36M	36	1232	seq1
1197	35M	35	1232	seq1
1198	36M	36	1234	seq1
1198	40M	40	1238	seq1
1200	35M	35	1235	seq1
1202	35M	35	1237	seq1
1203	35M	35	1238	seq1
1204	35M	35	1239	seq1
1205	35M	35	1240	seq1
1205	35M	35	1240	seq1
1205	40M	40	1245	seq1
1208	35M	35	1243	seq1
1210	36M	36	1246	seq1
1211	35M	35	1246	seq1
1212	35M	35	1247	seq1
1212	35M	35	1247	seq1
1213	36M	36	1249	seq1
1213	35M	35	1248	seq1
1214	35M	35	1249	seq1
1215	35M	35	1250	seq1
1215	35M	35	1250	seq1
1218	35M	35	1253	seq1
1223	35M	35	1258	seq1
1224	35M	35	1259	seq1
1224	35M	35	1259	seq1
1226	35M	35	1261	seq1
1227	35M	35	1262	seq1
1228	36M	36	1264	seq1
1228	35M	35	1263	seq1
1231	35M	35	1266	seq1
1232	35M	35	1267	seq1
1232	35M	35	1267	seq1
1233	36M	36	1269	seq1
1233	35M	35	1268	seq1
1233	35M	35	1268	seq1
1237	35M	35	1272	seq1
1237	35M	35	1272	seq1
1238	35M	35	1273	seq1
1239	35M	35	1274	seq1
1240	35M	35	1275	seq1
1240	35M	35	1275	seq1
1241	35M	35	1276	seq1
1242	35M	35	1277	seq1
1242	35M	35	1277	seq1
1243	35M	35	1278	seq1
1243	35M	35	1278	seq1
1244	35M	35	1279	seq1
1244	35M	35	1279	seq1
1245	36M	36	1281	seq1
1245	35M	35	1280	seq1
1247	35M	35	1282	seq1
1249	35M	35	1284	seq1
1250	35M	35	1285	seq1
1251	35M	35	1286	seq1
1251	35M	35	1286	seq1
1252	35M	35	1287	seq1
1252	35M	35	1287	seq1
1254	36M	36	1290	seq1
1254	35M	35	1289	seq1
1256	35M	35	1291	seq1
1257	35M	35	1292	seq1
1258	35M	35	1293	seq1
1259	35M	35	1294	seq1
1260	35M	35	1295	seq1
1262	36M	36	1298	seq1
1262	35M	35	1297	seq1
1262	35M	35	1297	seq1
1263	35M	35	1298	seq1
1263	35M	35	1298	seq1
1265	35M	35	1300	seq1
1265	35M	35	1300	seq1
1266	35M	35	1301	seq1
1266	35M	35	1301	seq1
1266	35M	35	1301	seq1
1267	35M	35	1302	seq1
1268	35M	35	1303	seq1
1269	35M	35	1304	seq1
1270	35M	35	1305	seq1
1271	35M	35	1306	seq1
1272	35M	35	1307	seq1
1272	35M	35	1307	seq1
1273	35M	35	1308	seq1
1274	35M	35	1309	seq1
1276	36M	36	1312	seq1
1278	35M	35	1313	seq1
1278	35M	35	1313	seq1
1280	35M	35	1315	seq1
1281	36M	36	1317	seq1
1281	35M	35	1316	seq1
1285	35M	35	1320	seq1
1285	35M	35	1320	seq1
1285	35M	35	1320	seq1
1286	35M	35	1321	seq1
1286	35M	35	1321	seq1
1287	35M	35	1322	seq1
1288	35M	35	1323	seq1
1288	35M	35	1323	seq1
1288	35M	35	1323	seq1
1289	36M	36	1325	seq1
1290	35M	35	1325	seq1
1291	35M	35	1326	seq1
1293	35M	35	1328	seq1
1293	40M	40	1333	seq1
1294	35M	35	1329	seq1
1294	35M	35	1329	seq1
1295	35M	35	1330	seq1
1295	35M	35	1330	seq1
1296	35M	35	1331	seq1
1296	35M	35	1331	seq1
1297	36M	36	1333	seq1
1297	35M	35	1332	seq1
1297	35M	35	1332	seq1
1298	35M	35	1333	seq1
1298	35M	35	1333	seq1
1298	35M	35	1333	seq1
1299	35M	35	1334	seq1
1301	35M	35	1336	seq1
1301	34M	34	1335	seq1
1301	40M	40	1341	seq1
1302	35M	35	1337	seq1
1304	40M	40	1344	seq1
1305	35M	35	1340	seq1
1305	35M	35	1340	seq1
1306	35M	35	1341	seq1
1306	35M	35	1341	seq1
1306	35M	35	1341	seq1
1307	35M	35	1342	seq1
1308	35M	35	1343	seq1
1309	36M	36	1345	seq1
1311	35M	35	1346	seq1
1311	35M	35	1346	seq1
1313	36M	36	1349	seq1
1313	35M	35	1348	seq1
1313	34M	34	1347	seq1
1313	35M	35	1348	seq1
1314	35M	35	1349	seq1
1314	36M	36	1350	seq1
1314	35M	35	1349	seq1
1316	35M	35	1351	seq1
1318	35M	35	1353	seq1
1318	35M	35	1353	seq1
1320	35M	35	1355	seq1
1320	35M	35	1355	seq1
1320	35M	35	1355	seq1
1320	35M	35	1355	seq1
1321	40M	40	1361	seq1
1321	35M	35	1356	seq1
1321	35M	35	1356	seq1
1322	35M	35	1357	seq1
1322	40M	40	1362	seq1
1324	35M	35	1359	seq1
1324	35M	35	1359	seq1
1325	35M	35	1360	seq1
1325	35M	35	1360	seq1
1325	35M	35	1360	seq1
1326	36M	36	1362	seq1
1326	35M	35	1361	seq1
1326	36M	36	1362	seq1
1326	35M	35	1361	seq1
1327	35M	35	1362	seq1
1327	35M	35	1362	seq1
1327	35M	35	1362	seq1
1328	35M	35	1363	seq1
1330	35M	35	1365	seq1
1331	36M	36	1367	seq1
1331	35M	35	1366	seq1
1331	35M	35	1366	seq1
1332	35M	35	1367	seq1
1332	35M	35	1367	seq1
1333	35M	35	1368	seq1
1333	35M	35	1368	seq1
1333	35M	35	1368	seq1
1335	35M	35	1370	seq1
1335	35M	35	1370	seq1
1335	35M	35	1370	seq1
1336	35M	35	1371	seq1
1336	35M	35	1371	seq1
1337	35M	35	1372	seq1
1339	35M	35	1374	seq1
1340	35M	35	1375	seq1
1340	36M	36	1376	seq1
1340	35M	35	1375	seq1
1340	35M	35	1375	seq1
1340	35M	35	1375	seq1
1340	*	0	1340	seq1
1341	35M	35	1376	seq1
1343	35M	35	1378	seq1
1343	35M	35	1378	seq1
1344	35M	35	1379	seq1
1345	35M	35	1380	seq1
1347	35M	35	1382	seq1
1348	35M	35	1383	seq1
1348	35M	35	1383	seq1
1348	35M	35	1383	seq1
1349	35M	35	1384	seq1
1350	35M	35	1385	seq1
1351	36M	36	1387	seq1
1351	35M	35	1386	seq1
1354	34M	34	1388	seq1
1354	35M	35	1389	seq1
1356	35M	35	1391	seq1
1356	35M	35	1391	seq1
1360	35M	35	1395	seq1
1360	35M	35	1395	seq1
1363	35M	35	1398	seq1
1363	35M	35	1398	seq1
1364	35M	35	1399	seq1
1364	35M	35	1399	seq1
1365	35M	35	1400	seq1
1366	35M	35	1401	seq1
1367	35M	35	1402	seq1
1368	35M	35	1403	seq1
1368	40M	40	1408	seq1
1369	35M	35	1404	seq1
1370	35M	35	1405	seq1
1371	35M	35	1406	seq1
1372	35M	35	1407	seq1
1372	35M	35	1407	seq1
1372	35M	35	1407	seq1
1373	35M	35	1408	seq1
1374	35M	35	1409	seq1
1374	35M	35	1409	seq1
1379	35M	35	1414	seq1
1381	35M	35	1416	seq1
1381	*	0	1381	seq1
1385	40M	40	1425	seq1
1388	35M	35	1423	seq1
1389	35M	35	1424	seq1
1392	35M	35	1427	seq1
1394	35M	35	1429	seq1
1394	35M	35	1429	seq1
1398	35M	35	1433	seq1
1398	35M	35	1433	seq1
1399	35M	35	1434	seq1
1402	35M	35	1437	seq1
1403	35M	35	1438	seq1
1405	35M	35	1440	seq1
1410	35M	35	1445	seq1
1410	35M	35	1445	seq1
1418	35M	35	1453	seq1
1419	36M	36	1455	seq1
1421	36M	36	1457	seq1
1426	35M	35	1461	seq1
1427	35M	35	1462	seq1
1428	35M	35	1463	seq1
1428	35M	35	1463	seq1
1429	35M	35	1464	seq1
1435	35M	35	1470	seq1
1435	35M	35	1470	seq1
1436	35M	35	1471	seq1
1436	35M	35	1471	seq1
1438	35M	35	1473	seq1
1442	35M	35	1477	seq1
1444	35M	35	1479	seq1
1446	36M	36	1482	seq1
1448	35M	35	1483	seq1
1449	35M	35	1484	seq1
1455	35M	35	1490	seq1
1461	35M	35	1496	seq1
1461	35M	35	1496	seq1
1461	35M	35	1496	seq1
1462	35M	35	1497	seq1
1465	35M	35	1500	seq1
1465	35M	35	1500	seq1
1465	35M	35	1500	seq1
1467	35M	35	1502	seq1
1469	35M	35	1504	seq1
1469	35M	35	1504	seq1
1469	35M	35	1504	seq1
1472	36M	36	1508	seq1
1473	35M	35	1508	seq1
1473	35M	35	1508	seq1
1474	36M	36	1510	seq1
1474	40M	40	1514	seq1
1478	35M	35	1513	seq1
1479	35M	35	1514	seq1
1480	35M	35	1515	seq1
1480	40M	40	1520	seq1
1480	35M	35	1515	seq1
1481	35M	35	1516	seq1
1481	35M	35	1516	seq1
1482	36M	36	1518	seq1
1483	35M	35	1518	seq1
1483	35M	35	1518	seq1
1484	35M	35	1519	seq1
1485	35M	35	1520	seq1
1485	35M	35	1520	seq1
1486	35M	35	1521	seq1
1486	35M	35	1521	seq1
1486	35M	35	1521	seq1
1487	35M	35	1522	seq1
1487	35M	35	1522	seq1
1488	35M	35	1523	seq1
1489	35M	35	1524	seq1
1489	35M	35	1524	seq1
1493	35M	35	1528	seq1
1494	36M	36	1530	seq1
1494	35M	35	1529	seq1
1497	35M	35	1532	seq1
1498	35M	35	1533	seq1
1499	35M	35	1534	seq1
1500	35M	35	1535	seq1
1500	35M	35	1535	seq1
1500	35M	35	1535	seq1
1500	35M	35	1535	seq1
1501	35M	35	1536	seq1
1501	35M	35	1536	seq1
1501	35M	35	1536	seq1
1501	36M	36	1537	seq1
1502	40M	40	1542	seq1
1503	35M	35	1538	seq1
1504	35M	35	1539	seq1
1507	35M	35	1542	seq1
1507	35M	35	1542	seq1
1510	35M	35	1545	seq1
1510	35M	35	1545	seq1
1512	36M	36	1548	seq1
1512	35M	35	1547	seq1
1512	34M	34	1546	seq1
1513	35M	35	1548	seq1
1513	35M	35	1548	seq1
1514	36M	36	1550	seq1
1514	35M	35	1549	seq1
1515	35M	35	1550	seq1
1515	35M	35	1550	seq1
1515	35M	35	1550	seq1
1517	35M	35	1552	seq1
1518	35M	35	1553	seq1
1520	35M	35	1555	seq1
1521	35M	35	1556	seq1
1522	34M	34	1556	seq1
1523	35M	35	1558	seq1
1524	35M	35	1559	seq1
1524	35M	35	1559	seq1
1525	35M	35	1560	seq1
1525	40M	40	1565	seq1
1527	35M	35	1562	seq1
1527	35M	35	1562	seq1
1528	35M	35	1563	seq1
1529	35M	35	1564	seq1
1529	35M	35	1564	seq1
1531	35M	35	1566	seq1
1532	35M	35	1567	seq1
1532	35M	35	1567	seq1
1533	35M	35	1568	seq1
1534	35M	35	1569	seq1
1535	35M	35	1570	seq1
1	36M	36	37	seq2
1	35M	35	36	seq2
1	35M	35	36	seq2
2	35M	35	37	seq2
5	35M	35	40	seq2
6	35M	35	41	seq2
6	35M	35	41	seq2
6	35M	35	41	seq2
7	36M	36	43	seq2
7	35M	35	42	seq2
7	35M	35	42	seq2
7	35M	35	42	seq2
8	35M	35	43	seq2
8	35M	35	43	seq2
11	35M	35	46	seq2
12	35M	35	47	seq2
16	35M	35	51	seq2
17	35M	35	52	seq2
18	35M	35	53	seq2
24	35M	35	59	seq2
25	35M	35	60	seq2
26	35M	35	61	seq2
30	35M	35	65	seq2
33	35M	35	68	seq2
34	40M	40	74	seq2
37	35M	35	72	seq2
37	36M	36	73	seq2
39	35M	35	74	seq2
40	35M	35	75	seq2
41	35M	35	76	seq2
41	35M	35	76	seq2
43	35M	35	78	seq2
43	35M	35	78	seq2
43	35M	35	78	seq2
44	35M	35	79	seq2
45	35M	35	80	seq2
45	35M	35	80	seq2
46	35M	35	81	seq2
46	35M	35	81	seq2
47	36M	36	83	seq2
48	35M	35	83	seq2
50	35M	35	85	seq2
50	35M	35	85	seq2
52	35M	35	87	seq2
54	35M	35	89	seq2
56	40M	40	96	seq2
57	35M	35	92	seq2
57	35M	35	92	seq2
58	35M	35	93	seq2
63	35M	35	98	seq2
63	36M	36	99	seq2
64	35M	35	99	seq2
64	35M	35	99	seq2
64	35M	35	99	seq2
65	35M	35	100	seq2
65	35M	35	100	seq2
66	35M	35	101	seq2
68	35M	35	103	seq2
68	35M	35	103	seq2
72	35M	35	107	seq2
73	35M	35	108	seq2
77	35M	35	112	seq2
77	35M	35	112	seq2
79	36M	36	115	seq2
81	35M	35	116	seq2
83	35M	35	118	seq2
84	35M	35	119	seq2
84	35M	35	119	seq2
86	35M	35	121	seq2
87	35M	35	122	seq2
87	35M	35	122	seq2
89	36M	36	125	seq2
91	35M	35	126	seq2
91	35M	35	126	seq2
93	35M	35	128	seq2
93	35M	35	128	seq2
94	35M	35	129	seq2
95	35M	35	130	seq2
95	35M	35	130	seq2
95	35M	35	130	seq2
96	36M	36	132	seq2
97	35M	35	132	seq2
98	35M	35	133	seq2
104	35M	35	139	seq2
105	35M	35	140	seq2
106	35M	35	141	seq2
106	40M	40	146	seq2
107	36M	36	143	seq2
107	35M	35	142	seq2
108	35M	35	143	seq2
109	35M	35	144	seq2
114	35M	35	149	seq2
114	35M	35	149	seq2
114	35M	35	149	seq2
115	35M	35	150	seq2
120	35M	35	155	seq2
121	35M	35	156	seq2
122	35M	35	157	seq2
123	35M	35	158	seq2
123	35M	35	158	seq2
124	36M	36	160	seq2
124	35M	35	159	seq2
125	35M	35	160	seq2
148	9M2I24M	9	157	seq2
148	9M2I24M	9	157	seq2
150	7M2I31M	7	157	seq2
150	35M	35	185	seq2
154	35M	35	189	seq2
160	36M	36	196	seq2
161	35M	35	196	seq2
163	35M	35	198	seq2
163	35M	35	198	seq2
165	35M	35	200	seq2
165	35M	35	200	seq2
167	35M	35	202	seq2
169	35M	35	204	seq2
171	35M	35	206	seq2
175	35M	35	210	seq2
178	35M	35	213	seq2
180	35M	35	215	seq2
182	35M	35	217	seq2
184	35M	35	219	seq2
185	35M	35	220	seq2
187	35M	35	222	seq2
188	35M	35	223	seq2
188	35M	35	223	seq2
188	35M	35	223	seq2
192	35M	35	227	seq2
196	35M	35	231	seq2
196	*	0	196	seq2
197	35M	35	232	seq2
197	36M	36	233	seq2
199	35M	35	234	seq2
200	35M	35	235	seq2
200	35M	35	235	seq2
201	35M	35	236	seq2
201	35M	35	236	seq2
202	35M	35	237	seq2
203	35M	35	238	seq2
203	35M	35	238	seq2
205	35M	35	240	seq2
205	36M	36	241	seq2
207	34M	34	241	seq2
207	40M	40	247	seq2
209	34M	34	243	seq2
209	35M	35	244	seq2
210	35M	35	245	seq2
211	35M	35	246	seq2
212	35M	35	247	seq2
213	35M	35	248	seq2
213	40M	40	253	seq2
215	36M	36	251	seq2
215	35M	35	250	seq2
215	35M	35	250	seq2
216	35M	35	251	seq2
216	35M	35	251	seq2
217	35M	35	252	seq2
218	36M	36	254	seq2
220	35M	35	255	seq2
220	35M	35	255	seq2
221	35M	35	256	seq2
221	35M	35	256	seq2
222	35M	35	257	seq2
222	35M	35	257	seq2
222	35M	35	257	seq2
222	35M	35	257	seq2
223	36M	36	259	seq2
223	35M	35	258	seq2
223	35M	35	258	seq2
224	35M	35	259	seq2
224	35M	35	259	seq2
225	35M	35	260	seq2
225	35M	35	260	seq2
226	35M	35	261	seq2
227	35M	35	262	seq2
227	35M	35	262	seq2
228	35M	35	263	seq2
228	35M	35	263	seq2
228	40M	40	268	seq2
229	35M	35	264	seq2
231	35M	35	266	seq2
231	35M	35	266	seq2
233	36M	36	269	seq2
233	35M	35	268	seq2
234	35M	35	269	seq2
234	35M	35	269	seq2
236	35M	35	271	seq2
237	35M	35	272	seq2
237	35M	35	272	seq2
237	35M	35	272	seq2
239	35M	35	274	seq2
240	35M	35	275	seq2
240	35M	35	275	seq2
240	34M	34	274	seq2
241	35M	35	276	seq2
243	35M	35	278	seq2
245	36M	36	281	seq2
245	35M	35	280	seq2
245	35M	35	280	seq2
246	35M	35	281	seq2
246	35M	35	281	seq2
247	35M	35	282	seq2
247	35M	35	282	seq2
248	35M	35	283	seq2
248	35M	35	283	seq2
250	36M	36	286	seq2
250	35M	35	285	seq2
250	34M	34	284	seq2
250	35M	35	285	seq2
250	35M	35	285	seq2
251	35M	35	286	seq2
253	35M	35	288	seq2
255	35M	35	290	seq2
255	35M	35	290	seq2
257	35M	35	292	seq2
258	35M	35	293	seq2
259	35M	35	294	seq2
259	36M	36	295	seq2
259	35M	35	294	seq2
261	35M	35	296	seq2
262	36M	36	298	seq2
262	35M	35	297	seq2
263	35M	35	298	seq2
265	35M	35	300	seq2
265	35M	35	300	seq2
266	35M	35	301	seq2
266	35M	35	301	seq2
266	35M	35	301	seq2
266	35M	35	301	seq2
268	35M	35	303	seq2
269	35M	35	304	seq2
269	35M	35	304	seq2
269	35M	35	304	seq2
269	*	0	269	seq2
269	35M	35	304	seq2
269	35M	35	304	seq2
270	35M	35	305	seq2
270	*	0	270	seq2
270	34M	34	304	seq2
270	35M	35	305	seq2
271	35M	35	306	seq2
271	35M	35	306	seq2
272	35M	35	307	seq2
273	35M	35	308	seq2
273	35M	35	308	seq2
274	35M	35	309	seq2
275	35M	35	310	seq2
276	40M	40	316	seq2
277	35M	35	312	seq2
277	35M	35	312	seq2
277	35M	35	312	seq2
278	35M	35	313	seq2
278	35M	35	313	seq2
279	35M	35	314	seq2
280	35M	35	315	seq2
280	35M	35	315	seq2
281	36M	36	317	seq2
282	35M	35	317	seq2
282	40M	40	322	seq2
283	35M	35	318	seq2
283	35M	35	318	seq2
283	35M	35	318	seq2
285	35M	35	320	seq2
286	35M	35	321	seq2
287	35M	35	322	seq2
288	35M	35	323	seq2
289	35M	35	324	seq2
290	35M	35	325	seq2
291	35M	35	326	seq2
291	35M	35	326	seq2
291	35M	35	326	seq2
291	35M	35	326	seq2
291	35M	35	326	seq2
294	35M	35	329	seq2
295	36M	36	331	seq2
295	35M	35	330	seq2
295	35M	35	330	seq2
296	35M	35	331	seq2
296	35M	35	331	seq2
297	35M	35	332	seq2
298	35M	35	333	seq2
299	35M	35	334	seq2
299	35M	35	334	seq2
299	35M	35	334	seq2
299	35M	35	334	seq2
301	35M	35	336	seq2
303	35M	35	338	seq2
304	35M	35	339	seq2
304	35M	35	339	seq2
306	35M	35	341	seq2
306	35M	35	341	seq2
307	36M	36	343	seq2
307	40M	40	347	seq2
307	35M	35	342	seq2
308	35M	35	343	seq2
308	35M	35	343	seq2
310	36M	36	346	seq2
310	35M	35	345	seq2
311	36M	36	347	seq2
313	35M	35	348	seq2
313	35M	35	348	seq2
314	35M	35	349	seq2
316	35M	35	351	seq2
317	35M	35	352	seq2
317	35M	35	352	seq2
317	33M	33	350	seq2
317	35M	35	352	seq2
319	35M	35	354	seq2
323	35M	35	358	seq2
323	35M	35	358	seq2
324	36M	36	360	seq2
324	35M	35	359	seq2
324	35M	35	359	seq2
325	36M	36	361	seq2
326	35M	35	361	seq2
327	35M	35	362	seq2
327	35M	35	362	seq2
328	35M	35	363	seq2
328	40M	40	368	seq2
329	35M	35	364	seq2
329	35M	35	364	seq2
330	35M	35	365	seq2
330	35M	35	365	seq2
331	36M	36	367	seq2
331	36M	36	367	seq2
331	35M	35	366	seq2
331	35M	35	366	seq2
332	35M	35	367	seq2
332	35M	35	367	seq2
332	35M	35	367	seq2
333	35M	35	368	seq2
333	*	0	333	seq2
333	35M	35	368	seq2
334	36M	36	370	seq2
335	35M	35	370	seq2
335	35M	35	370	seq2
337	35M	35	372	seq2
338	35M	35	373	seq2
339	35M	35	374	seq2
339	35M	35	374	seq2
339	35M	35	374	seq2
340	35M	35	375	seq2
341	35M	35	376	seq2
341	34M	34	375	seq2
341	35M	35	376	seq2
344	35M	35	379	seq2
345	35M	35	380	seq2
346	35M	35	381	seq2
347	35M	35	382	seq2
347	40M	40	387	seq2
349	35M	35	384	seq2
349	35M	35	384	seq2
350	35M	35	385	seq2
351	35M	35	386	seq2
351	35M	35	386	seq2
352	35M	35	387	seq2
353	36M	36	389	seq2
354	36M	36	390	seq2
356	35M	35	391	seq2
358	35M	35	393	seq2
358	35M	35	393	seq2
358	35M	35	393	seq2
360	35M	35	395	seq2
360	35M	35	395	seq2
360	35M	35	395	seq2
360	35M	35	395	seq2
362	35M	35	397	seq2
362	35M	35	397	seq2
362	40M	40	402	seq2
362	35M	35	397	seq2
363	35M	35	398	seq2
363	35M	35	398	seq2
365	35M	35	400	seq2
367	35M	35	402	seq2
367	35M	35	402	seq2
367	35M	35	402	seq2
368	35M	35	403	seq2
369	35M	35	404	seq2
369	35M	35	404	seq2
370	35M	35	405	seq2
370	35M	35	405	seq2
371	35M	35	406	seq2
371	35M	35	406	seq2
374	35M	35	409	seq2
375	35M	35	410	seq2
376	35M	35	411	seq2
376	35M	35	411	seq2
376	35M	35	411	seq2
377	40M	40	417	seq2
378	35M	35	413	seq2
379	35M	35	414	seq2
379	35M	35	414	seq2
381	36M	36	417	seq2
381	35M	35	416	seq2
381	35M	35	416	seq2
381	35M	35	416	seq2
382	35M	35	417	seq2
382	35M	35	417	seq2
382	35M	35	417	seq2
383	35M	35	418	seq2
383	35M	35	418	seq2
384	35M	35	419	seq2
385	40M	40	425	seq2
387	35M	35	422	seq2
387	35M	35	422	seq2
387	36M	36	423	seq2
388	35M	35	423	seq2
388	35M	35	423	seq2
388	35M	35	423	seq2
389	35M	35	424	seq2
389	35M	35	424	seq2
390	35M	35	425	seq2
390	35M	35	425	seq2
390	35M	35	425	seq2
390	35M	35	425	seq2
391	35M	35	426	seq2
393	35M	35	428	seq2
394	35M	35	429	seq2
396	35M	35	431	seq2
397	36M	36	433	seq2
397	35M	35	432	seq2
398	35M	35	433	seq2
399	35M	35	434	seq2
401	35M	35	436	seq2
401	35M	35	436	seq2
403	35M	35	438	seq2
403	35M	35	438	seq2
405	35M	35	440	seq2
405	35M	35	440	seq2
408	35M	35	443	seq2
408	35M	35	443	seq2
409	35M	35	444	seq2
409	35M	35	444	seq2
409	35M	35	444	seq2
410	36M	36	446	seq2
410	35M	35	445	seq2
411	35M	35	446	seq2
411	35M	35	446	seq2
413	35M	35	448	seq2
413	35M	35	448	seq2
413	35M	35	448	seq2
415	35M	35	450	seq2
416	35M	35	451	seq2
416	35M	35	451	seq2
417	35M	35	452	seq2
421	35M	35	456	seq2
422	35M	35	457	seq2
422	35M	35	457	seq2
424	35M	35	459	seq2
426	35M	35	461	seq2
428	35M	35	463	seq2
428	35M	35	463	seq2
430	35M	35	465	seq2
431	35M	35	466	seq2
431	35M	35	466	seq2
432	9M1D26M	9	441	seq2
432	35M	35	467	seq2
433	35M	35	468	seq2
433	35M	35	468	seq2
433	35M	35	468	seq2
434	35M	35	469	seq2
434	35M	35	469	seq2
434	35M	35	469	seq2
435	35M	35	470	seq2
436	36M	36	472	seq2
437	35M	35	472	seq2
437	35M	35	472	seq2
438	35M	35	473	seq2
438	35M	35	473	seq2
439	35M	35	474	seq2
439	35M	35	474	seq2
440	35M	35	475	seq2
440	35M	35	475	seq2
442	35M	35	477	seq2
443	35M	35	478	seq2
443	35M	35	478	seq2
443	35M	35	478	seq2
445	35M	35	480	seq2
445	35M	35	480	seq2
445	35M	35	480	seq2
445	36M	36	481	seq2
445	35M	35	480	seq2
446	35M	35	481	seq2
447	35M	35	482	seq2
447	35M	35	482	seq2
447	36M	36	483	seq2
447	35M	35	482	seq2
447	35M	35	482	seq2
448	35M	35	483	seq2
448	35M	35	483	seq2
450	35M	35	485	seq2
451	35M	35	486	seq2
451	35M	35	486	seq2
451	35M	35	486	seq2
451	34M	34	485	seq2
452	35M	35	487	seq2
453	35M	35	488	seq2
453	35M	35	488	seq2
453	35M	35	488	seq2
454	35M	35	489	seq2
456	35M	35	491	seq2
456	35M	35	491	seq2
456	35M	35	491	seq2
457	35M	35	492	seq2
458	35M	35	493	seq2
458	35M	35	493	seq2
458	35M	35	493	seq2
458	36M	36	494	seq2
458	40M	40	498	seq2
458	35M	35	493	seq2
461	35M	35	496	seq2
461	35M	35	496	seq2
462	35M	35	497	seq2
464	35M	35	499	seq2
464	35M	35	499	seq2
464	35M	35	499	seq2
467	35M	35	502	seq2
467	35M	35	502	seq2
467	35M	35	502	seq2
467	35M	35	502	seq2
468	35M	35	503	seq2
469	35M	35	504	seq2
470	35M	35	505	seq2
470	35M	35	505	seq2
471	35M	35	506	seq2
471	35M	35	506	seq2
472	35M	35	507	seq2
475	35M	35	510	seq2
477	35M	35	512	seq2
479	35M	35	514	seq2
479	35M	35	514	seq2
481	35M	35	516	seq2
481	35M	35	516	seq2
482	35M	35	517	seq2
482	35M	35	517	seq2
483	36M	36	519	seq2
483	35M	35	518	seq2
484	36M	36	520	seq2
485	35M	35	520	seq2
485	35M	35	520	seq2
485	35M	35	520	seq2
487	35M	35	522	seq2
488	35M	35	523	seq2
488	35M	35	523	seq2
489	35M	35	524	seq2
489	36M	36	525	seq2
490	35M	35	525	seq2
490	35M	35	525	seq2
492	35M	35	527	seq2
494	35M	35	529	seq2
494	35M	35	529	seq2
495	35M	35	530	seq2
495	35M	35	530	seq2
496	35M	35	531	seq2
497	35M	35	532	seq2
498	35M	35	533	seq2
499	36M	36	535	seq2
499	35M	35	534	seq2
500	40M	40	540	seq2
500	40M	40	540	seq2
500	35M	35	535	seq2
500	35M	35	535	seq2
501	35M	35	536	seq2
503	35M	35	538	seq2
503	35M	35	538	seq2
504	35M	35	539	seq2
504	35M	35	539	seq2
504	35M	35	539	seq2
504	35M	35	539	seq2
505	35M	35	540	seq2
505	35M	35	540	seq2
506	35M	35	541	seq2
508	35M	35	543	seq2
509	35M	35	544	seq2
509	35M	35	544	seq2
510	35M	35	545	seq2
512	35M	35	547	seq2
513	35M	35	548	seq2
514	35M	35	549	seq2
515	36M	36	551	seq2
515	35M	35	550	seq2
516	35M	35	551	seq2
517	36M	36	553	seq2
518	35M	35	553	seq2
518	35M	35	553	seq2
519	36M	36	555	seq2
520	35M	35	555	seq2
520	35M	35	555	seq2
520	35M	35	555	seq2
521	35M	35	556	seq2
521	35M	35	556	seq2
522	35M	35	557	seq2
522	35M	35	557	seq2
523	35M	35	558	seq2
527	35M	35	562	seq2
528	35M	35	563	seq2
529	35M	35	564	seq2
530	35M	35	565	seq2
530	35M	35	565	seq2
534	35M	35	569	seq2
535	35M	35	570	seq2
536	35M	35	571	seq2
537	35M	35	572	seq2
537	35M	35	572	seq2
538	35M	35	573	seq2
538	35M	35	573	seq2
539	35M	35	574	seq2
539	35M	35	574	seq2
540	35M	35	575	seq2
540	36M	36	576	seq2
541	35M	35	576	seq2
542	36M	36	578	seq2
542	35M	35	577	seq2
542	35M	35	577	seq2
544	35M	35	579	seq2
544	40M	40	584	seq2
545	40M	40	585	seq2
546	35M	35	581	seq2
546	35M	35	581	seq2
547	35M	35	582	seq2
549	35M	35	584	seq2
550	35M	35	585	seq2
550	35M	35	585	seq2
551	35M	35	586	seq2
552	35M	35	587	seq2
552	35M	35	587	seq2
553	35M	35	588	seq2
553	40M	40	593	seq2
554	35M	35	589	seq2
554	35M	35	589	seq2
555	35M	35	590	seq2
557	35M	35	592	seq2
557	35M	35	592	seq2
557	35M	35	592	seq2
558	35M	35	593	seq2
559	35M	35	594	seq2
559	35M	35	594	seq2
560	35M	35	595	seq2
560	35M	35	595	seq2
560	35M	35	595	seq2
560	35M	35	595	seq2
560	35M	35	595	seq2
561	35M	35	596	seq2
561	35M	35	596	seq2
561	35M	35	596	seq2
562	35M	35	597	seq2
562	35M	35	597	seq2
562	35M	35	597	seq2
563	35M	35	598	seq2
564	35M	35	599	seq2
564	35M	35	599	seq2
564	40M	40	604	seq2
564	35M	35	599	seq2
565	35M	35	600	seq2
567	35M	35	602	seq2
567	35M	35	602	seq2
567	35M	35	602	seq2
568	35M	35	603	seq2
568	35M	35	603	seq2
569	35M	35	604	seq2
569	35M	35	604	seq2
570	35M	35	605	seq2
571	36M	36	607	seq2
572	35M	35	607	seq2
575	35M	35	610	seq2
575	35M	35	610	seq2
576	35M	35	611	seq2
576	35M	35	611	seq2
578	35M	35	613	seq2
579	35M	35	614	seq2
579	35M	35	614	seq2
579	36M	36	615	seq2
579	35M	35	614	seq2
579	35M	35	614	seq2
581	35M	35	616	seq2
582	35M	35	617	seq2
582	35M	35	617	seq2
582	35M	35	617	seq2
582	35M	35	617	seq2
583	35M	35	618	seq2
583	35M	35	618	seq2
583	*	0	583	seq2
584	35M	35	619	seq2
585	35M	35	620	seq2
585	35M	35	620	seq2
586	35M	35	621	seq2
587	35M	35	622	seq2
588	35M	35	623	seq2
589	35M	35	624	seq2
589	35M	35	624	seq2
591	35M	35	626	seq2
594	34M	34	628	seq2
594	*	0	594	seq2
594	35M	35	629	seq2
595	35M	35	630	seq2
596	35M	35	631	seq2
596	*	0	596	seq2
598	35M	35	633	seq2
598	35M	35	633	seq2
600	35M	35	635	seq2
600	35M	35	635	seq2
601	35M	35	636	seq2
604	35M	35	639	seq2
606	35M	35	641	seq2
606	35M	35	641	seq2
606	35M	35	641	seq2
607	35M	35	642	seq2
607	35M	35	642	seq2
607	35M	35	642	seq2
607	35M	35	642	seq2
608	40M	40	648	seq2
609	35M	35	644	seq2
610	35M	35	645	seq2
610	35M	35	645	seq2
610	35M	35	645	seq2
611	36M	36	647	seq2
611	*	0	611	seq2
611	35M	35	646	seq2
612	36M	36	648	seq2
612	35M	35	647	seq2
613	35M	35	648	seq2
614	35M	35	649	seq2
614	35M	35	649	seq2
614	35M	35	649	seq2
615	35M	35	650	seq2
616	40M	40	656	seq2
616	35M	35	651	seq2
617	36M	36	653	seq2
617	35M	35	652	seq2
617	35M	35	652	seq2
617	35M	35	652	seq2
618	35M	35	653	seq2
618	35M	35	653	seq2
619	35M	35	654	seq2
619	35M	35	654	seq2
619	35M	35	654	seq2
620	35M	35	655	seq2
621	35M	35	656	seq2
621	35M	35	656	seq2
622	35M	35	657	seq2
623	35M	35	658	seq2
623	35M	35	658	seq2
623	35M	35	658	seq2
624	*	0	624	seq2
624	35M	35	659	seq2
624	35M	35	659	seq2
624	35M	35	659	seq2
624	36M	36	660	seq2
625	35M	35	660	seq2
625	35M	35	660	seq2
626	35M	35	661	seq2
628	35M	35	663	seq2
629	35M	35	664	seq2
629	35M	35	664	seq2
630	35M	35	665	seq2
631	35M	35	666	seq2
634	35M	35	669	seq2
636	35M	35	671	seq2
637	35M	35	672	seq2
637	35M	35	672	seq2
637	35M	35	672	seq2
637	35M	35	672	seq2
638	35M	35	673	seq2
639	40M	40	679	seq2
640	35M	35	675	seq2
642	35M	35	677	seq2
642	35M	35	677	seq2
642	35M	35	677	seq2
643	36M	36	679	seq2
644	35M	35	679	seq2
647	36M	36	683	seq2
649	35M	35	684	seq2
649	35M	35	684	seq2
650	36M	36	686	seq2
651	35M	35	686	seq2
652	35M	35	687	seq2
653	35M	35	688	seq2
654	35M	35	689	seq2
655	35M	35	690	seq2
656	35M	35	691	seq2
656	40M	40	696	seq2
657	35M	35	692	seq2
657	35M	35	692	seq2
658	35M	35	693	seq2
660	36M	36	696	seq2
660	35M	35	695	seq2
661	35M	35	696	seq2
662	35M	35	697	seq2
665	35M	35	700	seq2
665	35M	35	700	seq2
666	35M	35	701	seq2
667	35M	35	702	seq2
667	35M	35	702	seq2
667	35M	35	702	seq2
669	35M	35	704	seq2
672	35M	35	707	seq2
672	35M	35	707	seq2
672	35M	35	707	seq2
673	35M	35	708	seq2
675	35M	35	710	seq2
676	35M	35	711	seq2
676	35M	35	711	seq2
676	35M	35	711	seq2
679	35M	35	714	seq2
680	35M	35	715	seq2
680	35M	35	715	seq2
682	40M	40	722	seq2
684	35M	35	719	seq2
684	35M	35	719	seq2
685	35M	35	720	seq2
685	35M	35	720	seq2
685	35M	35	720	seq2
686	35M	35	721	seq2
686	35M	35	721	seq2
687	35M	35	722	seq2
687	35M	35	722	seq2
688	36M	36	724	seq2
689	35M	35	724	seq2
689	35M	35	724	seq2
690	35M	35	725	seq2
690	35M	35	725	seq2
691	35M	35	726	seq2
691	35M	35	726	seq2
691	35M	35	726	seq2
692	35M	35	727	seq2
693	35M	35	728	seq2
693	36M	36	729	seq2
693	35M	35	728	seq2
696	35M	35	731	seq2
696	35M	35	731	seq2
697	35M	35	732	seq2
698	36M	36	734	seq2
698	35M	35	733	seq2
698	35M	35	733	seq2
698	40M	40	738	seq2
700	35M	35	735	seq2
702	35M	35	737	seq2
702	35M	35	737	seq2
703	35M	35	738	seq2
703	35M	35	738	seq2
704	35M	35	739	seq2
705	40M	40	745	seq2
706	35M	35	741	seq2
707	35M	35	742	seq2
707	40M	40	747	seq2
707	40M	40	747	seq2
708	35M	35	743	seq2
708	35M	35	743	seq2
708	40M	40	748	seq2
710	35M	35	745	seq2
712	35M	35	747	seq2
716	35M	35	751	seq2
716	35M	35	751	seq2
717	40M	40	757	seq2
718	35M	35	753	seq2
719	35M	35	754	seq2
720	35M	35	755	seq2
721	35M	35	756	seq2
721	40M	40	761	seq2
722	35M	35	757	seq2
722	35M	35	757	seq2
722	35M	35	757	seq2
722	35M	35	757	seq2
722	35M	35	757	seq2
726	36M	36	762	seq2
728	35M	35	763	seq2
728	35M	35	763	seq2
728	35M	35	763	seq2
729	35M	35	764	seq2
729	35M	35	764	seq2
729	35M	35	764	seq2
730	35M	35	765	seq2
730	35M	35	765	seq2
731	35M	35	766	seq2
732	36M	36	768	seq2
735	35M	35	770	seq2
736	35M	35	771	seq2
737	36M	36	773	seq2
737	35M	35	772	seq2
738	35M	35	773	seq2
738	35M	35	773	seq2
739	35M	35	774	seq2
740	35M	35	775	seq2
740	35M	35	775	seq2
742	35M	35	777	seq2
743	35M	35	778	seq2
743	35M	35	778	seq2
744	35M	35	779	seq2
747	35M	35	782	seq2
747	35M	35	782	seq2
747	35M	35	782	seq2
750	35M	35	785	seq2
751	35M	35	786	seq2
751	35M	35	786	seq2
753	35M	35	788	seq2
753	34M	34	787	seq2
754	35M	35	789	seq2
754	35M	35	789	seq2
755	35M	35	790	seq2
755	35M	35	790	seq2
756	36M	36	792	seq2
757	35M	35	792	seq2
757	36M	36	793	seq2
757	35M	35	792	seq2
758	35M	35	793	seq2
759	35M	35	794	seq2
760	35M	35	795	seq2
760	35M	35	795	seq2
767	18M4I13M	18	785	seq2
768	17M4I14M	17	785	seq2
768	17M4I14M	17	785	seq2
769	16M4I15M	16	785	seq2
769	16M4I15M	16	785	seq2
769	16M4I15M	16	785	seq2
770	15M4I16M	15	785	seq2
770	15M4I16M	15	785	seq2
770	15M4I16M	15	785	seq2
770	14M4I17M	14	784	seq2
770	15M4I16M	15	785	seq2
771	14M4I17M	14	785	seq2
771	14M4I17M	14	785	seq2
771	14M4I17M	14	785	seq2
772	13M4I18M	13	785	seq2
773	12M4I19M	12	785	seq2
775	10M4I21M	10	785	seq2
777	8M4I24M	8	785	seq2
778	7M4I24M	7	785	seq2
778	7M4I24M	7	785	seq2
778	7M4I24M	7	785	seq2
779	35M	35	814	seq2
779	35M	35	814	seq2
779	35M	35	814	seq2
779	35M	35	814	seq2
780	35M	35	815	seq2
780	40M	40	820	seq2
782	36M	36	818	seq2
782	36M	36	818	seq2
783	35M	35	818	seq2
783	35M	35	818	seq2
784	35M	35	819	seq2
786	35M	35	821	seq2
786	36M	36	822	seq2
786	40M	40	826	seq2
786	35M	35	821	seq2
786	35M	35	821	seq2
787	35M	35	822	seq2
787	35M	35	822	seq2
787	35M	35	822	seq2
787	35M	35	822	seq2
788	35M	35	823	seq2
789	35M	35	824	seq2
790	35M	35	825	seq2
790	35M	35	825	seq2
792	35M	35	827	seq2
793	35M	35	828	seq2
794	35M	35	829	seq2
794	35M	35	829	seq2
794	35M	35	829	seq2
795	35M	35	830	seq2
796	35M	35	831	seq2
797	35M	35	832	seq2
800	35M	35	835	seq2
800	40M	40	840	seq2
801	35M	35	836	seq2
801	35M	35	836	seq2
803	35M	35	838	seq2
804	35M	35	839	seq2
804	35M	35	839	seq2
805	35M	35	840	seq2
805	35M	35	840	seq2
806	35M	35	841	seq2
807	35M	35	842	seq2
807	35M	35	842	seq2
808	35M	35	843	seq2
808	35M	35	843	seq2
808	35M	35	843	seq2
809	36M	36	845	seq2
809	35M	35	844	seq2
809	35M	35	844	seq2
810	35M	35	845	seq2
810	35M	35	845	seq2
811	35M	35	846	seq2
813	35M	35	848	seq2
813	40M	40	853	seq2
813	35M	35	848	seq2
813	35M	35	848	seq2
814	35M	35	849	seq2
814	35M	35	849	seq2
815	35M	35	850	seq2
816	35M	35	851	seq2
816	35M	35	851	seq2
817	35M	35	852	seq2
819	35M	35	854	seq2
819	35M	35	854	seq2
821	34M	34	855	seq2
823	35M	35	858	seq2
823	35M	35	858	seq2
825	35M	35	860	seq2
825	36M	36	861	seq2
826	36M	36	862	seq2
826	35M	35	861	seq2
827	35M	35	862	seq2
828	35M	35	863	seq2
828	35M	35	863	seq2
830	35M	35	865	seq2
831	36M	36	867	seq2
832	35M	35	867	seq2
833	36M	36	869	seq2
834	36M	36	870	seq2
835	35M	35	870	seq2
836	36M	36	872	seq2
836	35M	35	871	seq2
837	36M	36	873	seq2
841	35M	35	876	seq2
842	35M	35	877	seq2
843	35M	35	878	seq2
844	35M	35	879	seq2
846	40M	40	886	seq2
847	35M	35	882	seq2
847	35M	35	882	seq2
847	35M	35	882	seq2
849	35M	35	884	seq2
850	35M	35	885	seq2
850	35M	35	885	seq2
855	35M	35	890	seq2
855	36M	36	891	seq2
856	40M	40	896	seq2
859	35M	35	894	seq2
859	35M	35	894	seq2
860	35M	35	895	seq2
860	35M	35	895	seq2
860	36M	36	896	seq2
861	36M	36	897	seq2
861	35M	35	896	seq2
862	*	0	862	seq2
862	35M	35	897	seq2
864	35M	35	899	seq2
865	35M	35	900	seq2
866	35M	35	901	seq2
867	35M	35	902	seq2
867	35M	35	902	seq2
867	40M	40	907	seq2
867	35M	35	902	seq2
868	35M	35	903	seq2
868	35M	35	903	seq2
868	35M	35	903	seq2
869	35M	35	904	seq2
870	35M	35	905	seq2
870	35M	35	905	seq2
871	35M	35	906	seq2
874	35M	35	909	seq2
876	36M	36	912	seq2
876	35M	35	911	seq2
877	35M	35	912	seq2
877	40M	40	917	seq2
880	35M	35	915	seq2
881	36M	36	917	seq2
881	40M	40	921	seq2
882	40M	40	922	seq2
882	35M	35	917	seq2
883	36M	36	919	seq2
884	35M	35	919	seq2
884	35M	35	919	seq2
886	35M	35	921	seq2
889	35M	35	924	seq2
890	36M	36	926	seq2
891	35M	35	926	seq2
891	35M	35	926	seq2
891	35M	35	926	seq2
891	35M	35	926	seq2
891	40M	40	931	seq2
894	36M	36	930	seq2
896	35M	35	931	seq2
898	35M	35	933	seq2
898	35M	35	933	seq2
899	35M	35	934	seq2
900	35M	35	935	seq2
900	35M	35	935	seq2
900	*	0	900	seq2
900	40M	40	940	seq2
902	35M	35	937	seq2
903	35M	35	938	seq2
904	36M	36	940	seq2
904	35M	35	939	seq2
905	35M	35	940	seq2
906	40M	40	946	seq2
907	35M	35	942	seq2
908	35M	35	943	seq2
909	35M	35	944	seq2
910	35M	35	945	seq2
910	35M	35	945	seq2
912	35M	35	947	seq2
913	35M	35	948	seq2
915	35M	35	950	seq2
915	40M	40	955	seq2
915	35M	35	950	seq2
917	35M	35	952	seq2
918	35M	35	953	seq2
918	36M	36	954	seq2
919	36M	36	955	seq2
919	35M	35	954	seq2
919	35M	35	954	seq2
919	35M	35	954	seq2
919	35M	35	954	seq2
920	35M	35	955	seq2
920	35M	35	955	seq2
922	35M	35	957	seq2
923	35M	35	958	seq2
923	35M	35	958	seq2
925	35M	35	960	seq2
926	35M	35	961	seq2
926	35M	35	961	seq2
926	35M	35	961	seq2
926	35M	35	961	seq2
928	35M	35	963	seq2
929	34M	34	963	seq2
930	35M	35	965	seq2
930	35M	35	965	seq2
931	35M	35	966	seq2
932	35M	35	967	seq2
933	35M	35	968	seq2
934	35M	35	969	seq2
936	35M	35	971	seq2
937	35M	35	972	seq2
938	35M	35	973	seq2
939	35M	35	974	seq2
939	34M	34	973	seq2
940	35M	35	975	seq2
940	35M	35	975	seq2
941	35M	35	976	seq2
945	35M	35	980	seq2
945	35M	35	980	seq2
947	36M	36	983	seq2
947	35M	35	982	seq2
947	35M	35	982	seq2
947	35M	35	982	seq2
949	35M	35	984	seq2
949	36M	36	985	seq2
950	35M	35	985	seq2
952	35M	35	987	seq2
952	35M	35	987	seq2
953	35M	35	988	seq2
953	35M	35	988	seq2
953	35M	35	988	seq2
954	35M	35	989	seq2
954	35M	35	989	seq2
955	35M	35	990	seq2
956	35M	35	991	seq2
957	36M	36	993	seq2
957	35M	35	992	seq2
957	35M	35	992	seq2
957	35M	35	992	seq2
959	35M	35	994	seq2
959	35M	35	994	seq2
959	35M	35	994	seq2
959	35M	35	994	seq2
963	35M	35	998	seq2
964	35M	35	999	seq2
964	35M	35	999	seq2
964	35M	35	999	seq2
964	35M	35	999	seq2
965	35M	35	1000	seq2
965	35M	35	1000	seq2
965	35M	35	1000	seq2
966	36M	36	1002	seq2
967	35M	35	1002	seq2
967	35M	35	1002	seq2
967	35M	35	1002	seq2
968	35M	35	1003	seq2
968	35M	35	1003	seq2
969	35M	35	1004	seq2
969	35M	35	1004	seq2
969	35M	35	1004	seq2
969	40M	40	1009	seq2
970	35M	35	1005	seq2
970	35M	35	1005	seq2
971	35M	35	1006	seq2
971	35M	35	1006	seq2
972	35M	35	1007	seq2
973	35M	35	1008	seq2
974	35M	35	1009	seq2
975	35M	35	1010	seq2
976	35M	35	1011	seq2
977	35M	35	1012	seq2
977	35M	35	1012	seq2
977	35M	35	1012	seq2
977	35M	35	1012	seq2
977	40M	40	1017	seq2
978	35M	35	1013	seq2
979	36M	36	1015	seq2
979	35M	35	1014	seq2
980	35M	35	1015	seq2
980	35M	35	1015	seq2
980	35M	35	1015	seq2
981	35M	35	1016	seq2
982	35M	35	1017	seq2
983	34M	34	1017	seq2
985	35M	35	1020	seq2
986	35M	35	1021	seq2
986	35M	35	1021	seq2
987	35M	35	1022	seq2
987	35M	35	1022	seq2
988	36M	36	1024	seq2
988	35M	35	1023	seq2
988	35M	35	1023	seq2
989	36M	36	1025	seq2
990	35M	35	1025	seq2
992	35M	35	1027	seq2
992	35M	35	1027	seq2
992	36M	36	1028	seq2
993	35M	35	1028	seq2
994	36M	36	1030	seq2
994	35M	35	1029	seq2
995	35M	35	1030	seq2
996	35M	35	1031	seq2
997	35M	35	1032	seq2
998	35M	35	1033	seq2
998	35M	35	1033	seq2
998	35M	35	1033	seq2
998	35M	35	1033	seq2
999	35M	35	1034	seq2
999	35M	35	1034	seq2
999	35M	35	1034	seq2
999	35M	35	1034	seq2
1000	35M	35	1035	seq2
1001	35M	35	1036	seq2
1002	35M	35	1037	seq2
1002	35M	35	1037	seq2
1002	36M	36	1038	seq2
1002	35M	35	1037	seq2
1003	36M	36	1039	seq2
1003	35M	35	1038	seq2
1004	35M	35	1039	seq2
1004	35M	35	1039	seq2
1004	35M	35	1039	seq2
1005	35M	35	1040	seq2
1007	35M	35	1042	seq2
1007	40M	40	1047	seq2
1008	35M	35	1043	seq2
1009	35M	35	1044	seq2
1012	35M	35	1047	seq2
1012	35M	35	1047	seq2
1015	35M	35	1050	seq2
1015	36M	36	1051	seq2
1016	36M	36	1052	seq2
1016	35M	35	1051	seq2
1019	35M	35	1054	seq2
1022	35M	35	1057	seq2
1023	35M	35	1058	seq2
1023	35M	35	1058	seq2
1023	35M	35	1058	seq2
1024	35M	35	1059	seq2
1025	36M	36	1061	seq2
1025	35M	35	1060	seq2
1027	35M	35	1062	seq2
1027	35M	35	1062	seq2
1029	35M	35	1064	seq2
1029	35M	35	1064	seq2
1031	40M	40	1071	seq2
1031	35M	35	1066	seq2
1032	35M	35	1067	seq2
1032	35M	35	1067	seq2
1035	35M	35	1070	seq2
1036	36M	36	1072	seq2
1036	35M	35	1071	seq2
1037	36M	36	1073	seq2
1037	35M	35	1072	seq2
1039	35M	35	1074	seq2
1041	35M	35	1076	seq2
1041	35M	35	1076	seq2
1041	35M	35	1076	seq2
1042	40M	40	1082	seq2
1043	35M	35	1078	seq2
1045	35M	35	1080	seq2
1045	36M	36	1081	seq2
1048	35M	35	1083	seq2
1048	35M	35	1083	seq2
1048	35M	35	1083	seq2
1049	35M	35	1084	seq2
1049	35M	35	1084	seq2
1049	35M	35	1084	seq2
1050	35M	35	1085	seq2
1051	35M	35	1086	seq2
1051	35M	35	1086	seq2
1052	35M	35	1087	seq2
1054	35M	35	1089	seq2
1055	35M	35	1090	seq2
1055	35M	35	1090	seq2
1057	35M	35	1092	seq2
1058	35M	35	1093	seq2
1060	35M	35	1095	seq2
1060	35M	35	1095	seq2
1061	35M	35	1096	seq2
1061	36M	36	1097	seq2
1061	35M	35	1096	seq2
1061	40M	40	1101	seq2
1061	35M	35	1096	seq2
1063	35M	35	1098	seq2
1063	40M	40	1103	seq2
1066	35M	35	1101	seq2
1066	35M	35	1101	seq2
1067	33M	33	1100	seq2
1069	35M	35	1104	seq2
1069	35M	35	1104	seq2
1071	35M	35	1106	seq2
1071	35M	35	1106	seq2
1072	35M	35	1107	seq2
1072	40M	40	1112	seq2
1074	35M	35	1109	seq2
1074	35M	35	1109	seq2
1075	36M	36	1111	seq2
1075	35M	35	1110	seq2
1076	35M	35	1111	seq2
1076	35M	35	1111	seq2
1078	35M	35	1113	seq2
1078	35M	35	1113	seq2
1079	35M	35	1114	seq2
1082	35M	35	1117	seq2
1082	35M	35	1117	seq2
1082	35M	35	1117	seq2
1083	35M	35	1118	seq2
1084	35M	35	1119	seq2
1085	36M	36	1121	seq2
1085	35M	35	1120	seq2
1085	35M	35	1120	seq2
1087	35M	35	1122	seq2
1088	35M	35	1123	seq2
1088	35M	35	1123	seq2
1089	35M	35	1124	seq2
1089	35M	35	1124	seq2
1091	36M	36	1127	seq2
1092	35M	35	1127	seq2
1092	36M	36	1128	seq2
1094	35M	35	1129	seq2
1094	35M	35	1129	seq2
1094	35M	35	1129	seq2
1095	35M	35	1130	seq2
1095	35M	35	1130	seq2
1097	35M	35	1132	seq2
1098	35M	35	1133	seq2
1100	35M	35	1135	seq2
1100	35M	35	1135	seq2
1101	35M	35	1136	seq2
1101	35M	35	1136	seq2
1101	35M	35	1136	seq2
1102	35M	35	1137	seq2
1102	35M	35	1137	seq2
1103	36M	36	1139	seq2
1103	35M	35	1138	seq2
1103	35M	35	1138	seq2
1104	35M	35	1139	seq2
1105	35M	35	1140	seq2
1105	40M	40	1145	seq2
1106	35M	35	1141	seq2
1107	35M	35	1142	seq2
1107	35M	35	1142	seq2
1107	35M	35	1142	seq2
1108	35M	35	1143	seq2
1109	40M	40	1149	seq2
1109	35M	35	1144	seq2
1110	35M	35	1145	seq2
1111	35M	35	1146	seq2
1112	36M	36	1148	seq2
1112	35M	35	1147	seq2
1112	35M	35	1147	seq2
1112	35M	35	1147	seq2
1113	35M	35	1148	seq2
1114	35M	35	1149	seq2
1114	35M	35	1149	seq2
1116	35M	35	1151	seq2
1116	35M	35	1151	seq2
1117	35M	35	1152	seq2
1117	35M	35	1152	seq2
1119	35M	35	1154	seq2
1119	35M	35	1154	seq2
1121	36M	36	1157	seq2
1122	35M	35	1157	seq2
1123	36M	36	1159	seq2
1123	35M	35	1158	seq2
1123	35M	35	1158	seq2
1125	35M	35	1160	seq2
1125	35M	35	1160	seq2
1128	35M	35	1163	seq2
1128	35M	35	1163	seq2
1128	40M	40	1168	seq2
1129	35M	35	1164	seq2
1130	40M	40	1170	seq2
1131	35M	35	1166	seq2
1131	35M	35	1166	seq2
1131	35M	35	1166	seq2
1132	35M	35	1167	seq2
1133	35M	35	1168	seq2
1133	35M	35	1168	seq2
1136	35M	35	1171	seq2
1137	35M	35	1172	seq2
1137	35M	35	1172	seq2
1138	35M	35	1173	seq2
1139	35M	35	1174	seq2
1139	35M	35	1174	seq2
1139	35M	35	1174	seq2
1139	35M	35	1174	seq2
1142	35M	35	1177	seq2
1142	35M	35	1177	seq2
1143	35M	35	1178	seq2
1143	35M	35	1178	seq2
1143	35M	35	1178	seq2
1144	35M	35	1179	seq2
1145	35M	35	1180	seq2
1145	35M	35	1180	seq2
1145	35M	35	1180	seq2
1145	35M	35	1180	seq2
1146	35M	35	1181	seq2
1146	35M	35	1181	seq2
1146	35M	35	1181	seq2
1146	35M	35	1181	seq2
1147	35M	35	1182	seq2
1148	35M	35	1183	seq2
1149	36M	36	1185	seq2
1149	35M	35	1184	seq2
1149	35M	35	1184	seq2
1150	35M	35	1185	seq2
1150	35M	35	1185	seq2
1151	35M	35	1186	seq2
1151	35M	35	1186	seq2
1151	35M	35	1186	seq2
1154	36M	36	1190	seq2
1154	35M	35	1189	seq2
1155	35M	35	1190	seq2
1155	35M	35	1190	seq2
1155	35M	35	1190	seq2
1156	35M	35	1191	seq2
1157	35M	35	1192	seq2
1157	35M	35	1192	seq2
1159	35M	35	1194	seq2
1159	35M	35	1194	seq2
1160	35M	35	1195	seq2
1160	35M	35	1195	seq2
1164	35M	35	1199	seq2
1164	35M	35	1199	seq2
1165	35M	35	1200	seq2
1166	35M	35	1201	seq2
1166	35M	35	1201	seq2
1166	35M	35	1201	seq2
1167	35M	35	1202	seq2
1167	35M	35	1202	seq2
1167	35M	35	1202	seq2
1167	35M	35	1202	seq2
1168	35M	35	1203	seq2
1168	35M	35	1203	seq2
1170	35M	35	1205	seq2
1173	36M	36	1209	seq2
1173	36M	36	1209	seq2
1173	35M	35	1208	seq2
1173	35M	35	1208	seq2
1173	35M	35	1208	seq2
1175	35M	35	1210	seq2
1175	35M	35	1210	seq2
1179	35M	35	1214	seq2
1179	35M	35	1214	seq2
1183	35M	35	1218	seq2
1183	35M	35	1218	seq2
1183	35M	35	1218	seq2
1184	35M	35	1219	seq2
1184	35M	35	1219	seq2
1185	35M	35	1220	seq2
1185	35M	35	1220	seq2
1186	35M	35	1221	seq2
1187	35M	35	1222	seq2
1187	36M	36	1223	seq2
1187	35M	35	1222	seq2
1188	36M	36	1224	seq2
1188	35M	35	1223	seq2
1188	35M	35	1223	seq2
1188	35M	35	1223	seq2
1189	35M	35	1224	seq2
1189	35M	35	1224	seq2
1191	35M	35	1226	seq2
1191	35M	35	1226	seq2
1191	35M	35	1226	seq2
1192	35M	35	1227	seq2
1193	35M	35	1228	seq2
1194	35M	35	1229	seq2
1194	35M	35	1229	seq2
1194	35M	35	1229	seq2
1194	35M	35	1229	seq2
1195	35M	35	1230	seq2
1196	36M	36	1232	seq2
1197	35M	35	1232	seq2
1197	35M	35	1232	seq2
1197	40M	40	1237	seq2
1198	35M	35	1233	seq2
1200	36M	36	1236	seq2
1200	35M	35	1235	seq2
1201	35M	35	1236	seq2
1202	35M	35	1237	seq2
1202	35M	35	1237	seq2
1203	35M	35	1238	seq2
1203	35M	35	1238	seq2
1204	35M	35	1239	seq2
1205	35M	35	1240	seq2
1206	35M	35	1241	seq2
1207	35M	35	1242	seq2
1209	35M	35	1244	seq2
1210	35M	35	1245	seq2
1210	36M	36	1246	seq2
1210	35M	35	1245	seq2
1211	35M	35	1246	seq2
1212	35M	35	1247	seq2
1212	35M	35	1247	seq2
1212	35M	35	1247	seq2
1213	35M	35	1248	seq2
1213	35M	35	1248	seq2
1214	35M	35	1249	seq2
1217	36M	36	1253	seq2
1218	35M	35	1253	seq2
1220	35M	35	1255	seq2
1220	35M	35	1255	seq2
1222	35M	35	1257	seq2
1225	35M	35	1260	seq2
1226	35M	35	1261	seq2
1226	35M	35	1261	seq2
1228	35M	35	1263	seq2
1229	35M	35	1264	seq2
1229	35M	35	1264	seq2
1231	36M	36	1267	seq2
1231	35M	35	1266	seq2
1232	35M	35	1267	seq2
1232	35M	35	1267	seq2
1233	35M	35	1268	seq2
1233	36M	36	1269	seq2
1233	35M	35	1268	seq2
1233	35M	35	1268	seq2
1233	35M	35	1268	seq2
1235	35M	35	1270	seq2
1235	40M	40	1275	seq2
1235	35M	35	1270	seq2
1236	35M	35	1271	seq2
1237	35M	35	1272	seq2
1237	35M	35	1272	seq2
1237	35M	35	1272	seq2
1238	35M	35	1273	seq2
1238	35M	35	1273	seq2
1238	40M	40	1278	seq2
1239	35M	35	1274	seq2
1240	36M	36	1276	seq2
1240	35M	35	1275	seq2
1240	35M	35	1275	seq2
1241	35M	35	1276	seq2
1241	35M	35	1276	seq2
1242	35M	35	1277	seq2
1242	35M	35	1277	seq2
1243	35M	35	1278	seq2
1244	35M	35	1279	seq2
1244	35M	35	1279	seq2
1245	35M	35	1280	seq2
1245	35M	35	1280	seq2
1246	36M	36	1282	seq2
1247	35M	35	1282	seq2
1249	35M	35	1284	seq2
1249	35M	35	1284	seq2
1251	35M	35	1286	seq2
1253	35M	35	1288	seq2
1254	35M	35	1289	seq2
1256	35M	35	1291	seq2
1257	35M	35	1292	seq2
1257	35M	35	1292	seq2
1257	35M	35	1292	seq2
1257	35M	35	1292	seq2
1258	35M	35	1293	seq2
1260	36M	36	1296	seq2
1263	35M	35	1298	seq2
1264	35M	35	1299	seq2
1264	35M	35	1299	seq2
1264	35M	35	1299	seq2
1264	35M	35	1299	seq2
1264	36M	36	1300	seq2
1265	35M	35	1300	seq2
1267	36M	36	1303	seq2
1268	35M	35	1303	seq2
1268	*	0	1268	seq2
1268	35M	35	1303	seq2
1268	35M	35	1303	seq2
1270	35M	35	1305	seq2
1270	36M	36	1306	seq2
1270	35M	35	1305	seq2
1271	35M	35	1306	seq2
1271	35M	35	1306	seq2
1271	35M	35	1306	seq2
1273	35M	35	1308	seq2
1274	35M	35	1309	seq2
1275	35M	35	1310	seq2
1276	35M	35	1311	seq2
1276	35M	35	1311	seq2
1276	35M	35	1311	seq2
1277	35M	35	1312	seq2
1278	35M	35	1313	seq2
1278	35M	35	1313	seq2
1279	35M	35	1314	seq2
1280	35M	35	1315	seq2
1281	35M	35	1316	seq2
1281	40M	40	1321	seq2
1282	35M	35	1317	seq2
1283	35M	35	1318	seq2
1288	35M	35	1323	seq2
1289	35M	35	1324	seq2
1289	35M	35	1324	seq2
1289	35M	35	1324	seq2
1289	35M	35	1324	seq2
1289	35M	35	1324	seq2
1290	35M	35	1325	seq2
1290	35M	35	1325	seq2
1291	35M	35	1326	seq2
1293	35M	35	1328	seq2
1294	35M	35	1329	seq2
1295	35M	35	1330	seq2
1297	35M	35	1332	seq2
1297	40M	40	1337	seq2
1298	36M	36	1334	seq2
1299	35M	35	1334	seq2
1299	35M	35	1334	seq2
1301	35M	35	1336	seq2
1301	35M	35	1336	seq2
1301	*	0	1301	seq2
1301	40M	40	1341	seq2
1303	35M	35	1338	seq2
1303	35M	35	1338	seq2
1303	34M	34	1337	seq2
1305	40M	40	1345	seq2
1306	35M	35	1341	seq2
1306	35M	35	1341	seq2
1307	36M	36	1343	seq2
1307	35M	35	1342	seq2
1307	35M	35	1342	seq2
1311	35M	35	1346	seq2
1312	35M	35	1347	seq2
1313	36M	36	1349	seq2
1313	35M	35	1348	seq2
1314	35M	35	1349	seq2
1315	35M	35	1350	seq2
1317	35M	35	1352	seq2
1319	35M	35	1354	seq2
1319	35M	35	1354	seq2
1319	35M	35	1354	seq2
1319	35M	35	1354	seq2
1319	35M	35	1354	seq2
1321	36M	36	1357	seq2
1321	35M	35	1356	seq2
1321	35M	35	1356	seq2
1322	35M	35	1357	seq2
1322	35M	35	1357	seq2
1326	35M	35	1361	seq2
1327	35M	35	1362	seq2
1329	35M	35	1364	seq2
1329	35M	35	1364	seq2
1331	35M	35	1366	seq2
1332	35M	35	1367	seq2
1332	35M	35	1367	seq2
1334	35M	35	1369	seq2
1337	35M	35	1372	seq2
1337	35M	35	1372	seq2
1338	35M	35	1373	seq2
1338	35M	35	1373	seq2
1338	35M	35	1373	seq2
1342	35M	35	1377	seq2
1345	36M	36	1381	seq2
1345	35M	35	1380	seq2
1346	35M	35	1381	seq2
1349	36M	36	1385	seq2
1349	35M	35	1384	seq2
1349	40M	40	1389	seq2
1349	35M	35	1384	seq2
1349	35M	35	1384	seq2
1350	35M	35	1385	seq2
1351	35M	35	1386	seq2
1352	35M	35	1387	seq2
1352	35M	35	1387	seq2
1354	35M	35	1389	seq2
1354	35M	35	1389	seq2
1357	35M	35	1392	seq2
1358	35M	35	1393	seq2
1359	35M	35	1394	seq2
1359	35M	35	1394	seq2
1363	35M	35	1398	seq2
1365	35M	35	1400	seq2
1366	35M	35	1401	seq2
1366	35M	35	1401	seq2
1367	35M	35	1402	seq2
1369	35M	35	1404	seq2
1372	35M	35	1407	seq2
1376	36M	36	1412	seq2
1376	35M	35	1411	seq2
1377	35M	35	1412	seq2
1377	35M	35	1412	seq2
1377	35M	35	1412	seq2
1381	35M	35	1416	seq2
1383	35M	35	1418	seq2
1384	35M	35	1419	seq2
1386	36M	36	1422	seq2
1386	35M	35	1421	seq2
1387	35M	35	1422	seq2
1391	35M	35	1426	seq2
1392	35M	35	1427	seq2
1393	35M	35	1428	seq2
1395	35M	35	1430	seq2
1397	35M	35	1432	seq2
1398	36M	36	1434	seq2
1401	35M	35	1436	seq2
1401	35M	35	1436	seq2
1403	35M	35	1438	seq2
1404	35M	35	1439	seq2
1405	35M	35	1440	seq2
1406	35M	35	1441	seq2
1408	36M	36	1444	seq2
1412	35M	35	1447	seq2
1412	35M	35	1447	seq2
1412	35M	35	1447	seq2
1412	35M	35	1447	seq2
1414	35M	35	1449	seq2
1416	35M	35	1451	seq2
1417	35M	35	1452	seq2
1420	35M	35	1455	seq2
1423	35M	35	1458	seq2
1424	35M	35	1459	seq2
1424	40M	40	1464	seq2
1429	35M	35	1464	seq2
1432	35M	35	1467	seq2
1434	35M	35	1469	seq2
1436	35M	35	1471	seq2
1436	36M	36	1472	seq2
1436	35M	35	1471	seq2
1437	35M	35	1472	seq2
1437	35M	35	1472	seq2
1437	35M	35	1472	seq2
1438	35M	35	1473	seq2
1439	35M	35	1474	seq2
1439	35M	35	1474	seq2
1440	36M	36	1476	seq2
1443	35M	35	1478	seq2
1444	36M	36	1480	seq2
1448	35M	35	1483	seq2
1449	40M	40	1489	seq2
1450	35M	35	1485	seq2
1452	35M	35	1487	seq2
1453	35M	35	1488	seq2
1456	35M	35	1491	seq2
1462	35M	35	1497	seq2
1468	35M	35	1503	seq2
1468	35M	35	1503	seq2
1473	35M	35	1508	seq2
1477	35M	35	1512	seq2
1478	35M	35	1513	seq2
1481	35M	35	1516	seq2
1483	36M	36	1519	seq2
1485	35M	35	1520	seq2
1487	35M	35	1522	seq2
1488	35M	35	1523	seq2
1492	35M	35	1527	seq2
1493	35M	35	1528	seq2
1493	40M	40	1533	seq2
1497	35M	35	1532	seq2
1499	36M	36	1535	seq2
1501	13M1D22M	13	1514	seq2
1502	35M	35	1537	seq2
1506	35M	35	1541	seq2
1509	35M	35	1544	seq2
1509	35M	35	1544	seq2
1510	35M	35	1545	seq2
1511	40M	40	1551	seq2
1513	35M	35	1548	seq2
1513	36M	36	1549	seq2
1513	35M	35	1548	seq2
1514	36M	36	1550	seq2
1514	35M	35	1549	seq2
1514	*	0	1514	seq2
1514	35M	35	1549	seq2
1514	35M	35	1549	seq2
1514	35M	35	1549	seq2
1514	35M	35	1549	seq2
1514	35M	35	1549	seq2
1514	35M	35	1549	seq2
1515	35M	35	1550	seq2
1515	35M	35	1550	seq2
1515	33M	33	1548	seq2
1515	*	0	1515	seq2
1515	35M	35	1550	seq2
1515	35M	35	1550	seq2
1515	35M	35	1550	seq2
1515	35M	35	1550	seq2
1516	36M	36	1552	seq2
1516	35M	35	1551	seq2
1518	35M	35	1553	seq2
1518	*	0	1518	seq2
1519	35M	35	1554	seq2
1519	*	0	1519	seq2
1519	35M	35	1554	seq2
1519	35M	35	1554	seq2
1520	35M	35	1555	seq2
1520	35M	35	1555	seq2
1523	33M	33	1556	seq2
1524	35M	35	1559	seq2
1524	34M	34	1558	seq2
1524	35M	35	1559	seq2
1524	35M	35	1559	seq2
1528	35M	35	1563	seq2
1532	35M	35	1567	seq2
1533	35M	35	1568	seq2
